date,open,high,low,close,volume
2020-01-02 05:00:00,3237.0,3261.75,3234.25,3259.0,1416241.0
2020-01-03 05:00:00,3261.0,3263.5,3206.75,3235.5,1755057.0
2020-01-06 05:00:00,3220.25,3249.5,3208.75,3243.5,1502748.0
2020-01-07 05:00:00,3243.5,3254.5,3226.0,3235.25,1293494.0
2020-01-08 05:00:00,3231.75,3267.75,3181.0,3260.25,2279138.0
2020-01-09 05:00:00,3261.25,3276.75,3257.75,3276.0,1297679.0
2020-01-10 05:00:00,3275.5,3287.0,3260.75,3264.75,1533121.0
2020-01-13 05:00:00,3265.75,3291.0,3265.5,3289.75,1008998.0
2020-01-14 05:00:00,3289.25,3296.75,3275.25,3288.0,1694799.0
2020-01-15 05:00:00,3287.75,3299.0,3277.75,3293.75,1468347.0
2020-01-16 05:00:00,3294.25,3318.0,3294.0,3316.5,1335246.0
2020-01-17 05:00:00,3316.75,3330.25,3316.0,3325.0,1312253.0
2020-01-21 05:00:00,3325.0,3329.75,3307.25,3319.5,1573187.0
2020-01-22 05:00:00,3321.25,3337.5,3315.25,3319.75,1505107.0
2020-01-23 05:00:00,3317.25,3327.0,3301.25,3326.0,1717046.0
2020-01-24 05:00:00,3326.5,3337.0,3280.5,3293.5,2515168.0
2020-01-27 05:00:00,3269.75,3269.75,3233.0,3239.5,2581636.0
2020-01-28 05:00:00,3239.5,3285.0,3238.75,3278.25,1910878.0
2020-01-29 05:00:00,3281.75,3292.75,3265.25,3272.5,1665382.0
2020-01-30 05:00:00,3271.5,3295.25,3239.75,3289.75,2421276.0
2020-01-31 05:00:00,3292.0,3297.5,3212.75,3224.0,3152069.0
2020-02-03 05:00:00,3222.75,3267.25,3222.0,3245.5,1919477.0
2020-02-04 05:00:00,3244.25,3305.25,3236.0,3299.5,1698403.0
2020-02-05 05:00:00,3300.25,3338.0,3288.25,3335.0,2046111.0
2020-02-06 05:00:00,3337.0,3357.75,3332.5,3345.25,1462323.0
2020-02-07 05:00:00,3349.0,3350.0,3320.75,3325.5,1698940.0
2020-02-10 05:00:00,3322.25,3353.5,3303.5,3353.0,1399815.0
2020-02-11 05:00:00,3351.0,3374.5,3349.25,3357.5,1486164.0
2020-02-12 05:00:00,3360.5,3381.5,3355.5,3380.5,1229231.0
2020-02-13 05:00:00,3381.25,3384.75,3348.5,3377.5,1772784.0
2020-02-14 05:00:00,3379.5,3388.5,3365.25,3381.0,1334897.0
2020-02-18 05:00:00,3382.25,3392.5,3355.25,3369.25,1735931.0
2020-02-19 05:00:00,3372.0,3393.75,3370.75,3387.25,1163426.0
2020-02-20 05:00:00,3391.75,3397.5,3339.25,3369.25,2073749.0
2020-02-21 05:00:00,3367.0,3369.25,3328.0,3339.25,2293728.0
2020-02-24 05:00:00,3309.0,3312.0,3213.75,3226.25,3636687.0
2020-02-25 05:00:00,3223.0,3259.5,3117.25,3132.5,4375530.0
2020-02-26 05:00:00,3138.0,3182.0,3091.0,3110.25,3889097.0
2020-02-27 05:00:00,3100.25,3117.0,2944.5,2957.0,4734434.0
2020-02-28 05:00:00,2950.0,2996.0,2853.25,2951.0,5715227.0
2020-03-02 05:00:00,2900.0,3093.25,2889.25,3065.0,3689149.0
2020-03-03 05:00:00,3077.0,3137.0,2973.0,2997.0,3754363.0
2020-03-04 05:00:00,2988.25,3129.5,2976.5,3114.75,2590464.0
2020-03-05 05:00:00,3109.25,3113.75,2996.5,3015.5,2807262.0
2020-03-06 05:00:00,3024.25,3037.0,2898.0,2964.0,3163400.0
2020-03-09 04:00:00,2916.0,2916.0,2715.0,2747.75,2672753.0
2020-03-10 04:00:00,2733.0,2884.75,2695.25,2865.75,3423140.0
2020-03-11 04:00:00,2859.5,2869.5,2702.75,2740.25,2992894.0
2020-03-12 04:00:00,2738.0,2774.0,2442.5,2469.0,4366577.0
2020-03-13 04:00:00,2429.5,2707.75,2393.5,2696.0,3423449.0
2020-03-16 04:00:00,2673.75,2675.0,2360.25,2416.25,2378284.0
2020-03-17 04:00:00,2417.25,2554.5,2365.0,2495.5,1683796.0
2020-03-18 04:00:00,2478.5,2498.0,2274.75,2414.0,976536.0
2020-03-19 04:00:00,2414.25,2474.0,2288.0,2403.25,631228.0
2020-03-20 04:00:00,2364.25,2512.75,2346.25,2437.97998046875,3075997.0
2020-03-23 04:00:00,2220.25,2386.0,2174.0,2220.5,3076791.0
2020-03-24 04:00:00,2233.25,2447.75,2230.5,2438.0,2639522.0
2020-03-25 04:00:00,2442.75,2560.75,2386.0,2467.0,3037767.0
2020-03-26 04:00:00,2471.0,2625.75,2402.25,2608.0,2413913.0
2020-03-27 04:00:00,2627.75,2634.5,2505.25,2524.0,2320755.0
2020-03-30 04:00:00,2459.0,2621.75,2445.0,2611.25,1837692.0
2020-03-31 04:00:00,2613.25,2635.75,2555.75,2569.75,2248012.0
2020-04-01 04:00:00,2562.0,2562.25,2434.25,2448.0,2091378.0
2020-04-02 04:00:00,2459.0,2525.0,2424.75,2516.5,2145458.0
2020-04-03 04:00:00,2513.75,2529.5,2449.0,2482.75,1763886.0
2020-04-06 04:00:00,2485.0,2668.5,2484.75,2644.5,2034419.0
2020-04-07 04:00:00,2645.5,2750.0,2623.5,2642.0,2486524.0
2020-04-08 04:00:00,2640.5,2752.5,2620.75,2735.0,1920688.0
2020-04-09 04:00:00,2737.75,2809.5,2701.0,2779.75,2342733.0
2020-04-13 04:00:00,2811.0,2819.5,2711.0,2759.25,1571402.0
2020-04-14 04:00:00,2760.0,2846.0,2752.5,2843.0,1716496.0
2020-04-15 04:00:00,2843.75,2845.5,2751.25,2775.0,1831570.0
2020-04-16 04:00:00,2767.75,2831.5,2746.0,2787.5,1749108.0
2020-04-17 04:00:00,2863.0,2885.0,2821.0,2870.0,1924019.0
2020-04-20 04:00:00,2861.5,2875.5,2804.25,2806.5,1566934.0
2020-04-21 04:00:00,2807.0,2833.25,2717.25,2732.0,1969844.0
2020-04-22 04:00:00,2737.25,2808.0,2717.25,2788.5,1369529.0
2020-04-23 04:00:00,2790.5,2836.75,2772.75,2780.75,1703918.0
2020-04-24 04:00:00,2777.0,2835.0,2755.25,2829.5,1293756.0
2020-04-27 04:00:00,2829.0,2881.25,2812.75,2869.0,1224445.0
2020-04-28 04:00:00,2867.75,2913.5,2851.0,2867.25,1614021.0
2020-04-29 04:00:00,2870.5,2959.75,2860.75,2941.0,1737371.0
2020-04-30 04:00:00,2956.5,2965.0,2878.0,2902.5,2027924.0
2020-05-01 04:00:00,2871.5,2879.75,2811.75,2821.75,1647259.0
2020-05-04 04:00:00,2789.0,2835.75,2771.0,2825.25,1510680.0
2020-05-05 04:00:00,2827.0,2889.75,2824.5,2858.25,1474765.0
2020-05-06 04:00:00,2857.75,2886.25,2832.0,2833.5,1466641.0
2020-05-07 04:00:00,2832.0,2895.0,2823.0,2880.0,1494330.0
2020-05-08 04:00:00,2882.0,2933.0,2879.75,2928.5,1326254.0
2020-05-11 04:00:00,2920.75,2947.0,2889.75,2922.75,1528302.0
2020-05-12 04:00:00,2919.25,2939.25,2838.0,2852.5,1824303.0
2020-05-13 04:00:00,2839.75,2876.75,2786.0,2813.0,2591379.0
2020-05-14 04:00:00,2820.25,2853.75,2760.25,2847.0,2501222.0
2020-05-15 04:00:00,2846.25,2863.5,2809.5,2846.5,1897194.0
2020-05-18 04:00:00,2859.75,2964.75,2850.0,2948.0,1775433.0
2020-05-19 04:00:00,2945.0,2976.25,2914.25,2918.75,1567224.0
2020-05-20 04:00:00,2913.5,2975.75,2908.5,2968.5,1532404.0
2020-05-21 04:00:00,2972.25,2973.5,2933.0,2937.0,1608225.0
2020-05-22 04:00:00,2936.75,2957.5,2903.75,2953.0,1377263.0
2020-05-26 04:00:00,2948.5,3019.75,2947.5,2994.5,1797241.0
2020-05-27 04:00:00,2994.0,3039.5,2965.5,3035.5,2109332.0
2020-05-28 04:00:00,3035.0,3065.5,3019.5,3038.0,1881295.0
2020-05-29 04:00:00,3036.0,3058.25,2992.0,3042.0,2258009.0
2020-06-01 04:00:00,3029.75,3059.0,3008.0,3054.0,1277803.0
2020-06-02 04:00:00,3052.75,3079.0,3035.0,3077.0,1458830.0
2020-06-03 04:00:00,3078.0,3129.5,3074.25,3117.75,1623708.0
2020-06-04 04:00:00,3117.75,3126.75,3087.5,3110.5,1830904.0
2020-06-05 04:00:00,3113.25,3210.5,3106.5,3186.75,2444330.0
2020-06-08 04:00:00,3192.5,3231.25,3183.25,3227.5,1602601.0
2020-06-09 04:00:00,3227.75,3231.0,3190.0,3205.5,1695764.0
2020-06-10 04:00:00,3204.75,3227.25,3179.75,3186.0,1996065.0
2020-06-11 04:00:00,3183.75,3188.5,2996.25,3010.25,3528726.0
2020-06-12 04:00:00,3011.75,3087.75,2982.0,3034.75,2872339.0
2020-06-15 04:00:00,2992.75,3079.25,2935.0,3073.0,1947459.0
2020-06-16 04:00:00,3076.25,3167.75,3071.25,3128.75,1377224.0
2020-06-17 04:00:00,3122.0,3157.75,3105.0,3118.0,610877.0
2020-06-18 04:00:00,3115.0,3130.5,3075.25,3109.0,373718.0
2020-06-19 04:00:00,3108.25,3196.0,3106.75,3161.260009765625,1952273.0
2020-06-22 04:00:00,3040.25,3114.25,3027.25,3110.75,1392325.0
2020-06-23 04:00:00,3111.75,3145.75,3060.0,3118.5,1528485.0
2020-06-24 04:00:00,3113.25,3128.5,3019.75,3049.0,2387916.0
2020-06-25 04:00:00,3046.75,3079.5,3005.0,3070.75,1967245.0
2020-06-26 04:00:00,3071.25,3082.0,2992.5,3007.0,2208418.0
2020-06-29 04:00:00,2986.25,3051.25,2983.5,3047.75,1585146.0
2020-06-30 04:00:00,3046.0,3101.25,3030.25,3090.25,1724164.0
2020-07-01 04:00:00,3085.25,3117.75,3062.75,3103.0,1537321.0
2020-07-02 04:00:00,3101.75,3156.5,3095.5,3129.0,1552517.0
2020-07-06 04:00:00,3125.25,3174.5,3105.75,3172.0,1459512.0
2020-07-07 04:00:00,3170.0,3184.0,3132.5,3136.5,1333466.0
2020-07-08 04:00:00,3135.25,3166.25,3125.5,3163.5,1527612.0
2020-07-09 04:00:00,3166.25,3170.75,3105.25,3141.0,1881833.0
2020-07-10 04:00:00,3142.25,3181.25,3111.5,3178.5,1408591.0
2020-07-13 04:00:00,3183.5,3226.25,3140.5,3148.25,2074726.0
2020-07-14 04:00:00,3149.75,3192.25,3119.0,3183.5,2256766.0
2020-07-15 04:00:00,3204.0,3233.25,3192.0,3219.5,1937696.0
2020-07-16 04:00:00,3223.25,3228.5,3188.5,3194.5,1471311.0
2020-07-17 04:00:00,3198.5,3225.25,3194.75,3214.0,1261113.0
2020-07-20 04:00:00,3214.5,3250.5,3190.25,3245.25,1401168.0
2020-07-21 04:00:00,3243.75,3273.25,3239.25,3251.25,1463931.0
2020-07-22 04:00:00,3249.25,3271.75,3227.25,3265.5,1354244.0
2020-07-23 04:00:00,3267.75,3284.5,3214.25,3227.5,1704453.0
2020-07-24 04:00:00,3230.0,3239.0,3191.5,3204.0,1761346.0
2020-07-27 04:00:00,3210.75,3235.0,3192.0,3232.25,1299512.0
2020-07-28 04:00:00,3235.0,3246.75,3208.0,3213.0,1375293.0
2020-07-29 04:00:00,3215.0,3257.0,3204.25,3252.5,1218031.0
2020-07-30 04:00:00,3256.75,3269.0,3195.0,3248.75,2000721.0
2020-07-31 04:00:00,3269.25,3273.75,3212.5,3263.5,2282794.0
2020-08-03 04:00:00,3272.0,3295.5,3254.75,3288.5,1250449.0
2020-08-04 04:00:00,3290.75,3300.5,3271.0,3300.0,1145269.0
2020-08-05 04:00:00,3300.75,3323.25,3292.0,3316.0,1116787.0
2020-08-06 04:00:00,3317.0,3345.5,3300.5,3344.25,1346665.0
2020-08-07 04:00:00,3343.75,3347.75,3322.25,3344.75,1615367.0
2020-08-10 04:00:00,3347.0,3357.25,3329.0,3352.75,1201751.0
2020-08-11 04:00:00,3350.25,3379.0,3319.5,3330.0,1733040.0
2020-08-12 04:00:00,3339.5,3382.5,3326.25,3370.0,1408718.0
2020-08-13 04:00:00,3367.75,3382.0,3357.5,3367.75,1205758.0
2020-08-14 04:00:00,3369.25,3380.5,3350.0,3361.5,1084771.0
2020-08-17 04:00:00,3366.0,3382.75,3364.75,3379.75,759304.0
2020-08-18 04:00:00,3379.25,3390.75,3365.25,3387.0,1019552.0
2020-08-19 04:00:00,3388.75,3395.75,3365.5,3372.75,1368420.0
2020-08-20 04:00:00,3370.25,3387.0,3344.75,3380.75,1203334.0
2020-08-21 04:00:00,3383.5,3396.25,3356.75,3392.5,1221450.0
2020-08-24 04:00:00,3398.75,3429.5,3393.5,3427.5,1282950.0
2020-08-25 04:00:00,3427.0,3448.75,3421.75,3443.0,1133837.0
2020-08-26 04:00:00,3444.75,3483.5,3436.75,3480.25,1277539.0
2020-08-27 04:00:00,3479.5,3498.25,3464.75,3485.25,1633581.0
2020-08-28 04:00:00,3488.0,3509.5,3480.75,3504.5,1248430.0
2020-08-31 04:00:00,3508.5,3524.5,3490.0,3499.0,1439600.0
2020-09-01 04:00:00,3493.25,3530.0,3484.25,3527.0,1283622.0
2020-09-02 04:00:00,3529.0,3587.0,3526.25,3579.25,1853078.0
2020-09-03 04:00:00,3578.75,3586.5,3424.5,3461.5,2872337.0
2020-09-04 04:00:00,3454.75,3484.25,3347.75,3417.5,2994363.0
2020-09-08 04:00:00,3420.5,3447.0,3327.5,3335.5,2732946.0
2020-09-09 04:00:00,3315.25,3424.0,3295.5,3400.25,2011132.0
2020-09-10 04:00:00,3396.0,3424.25,3327.25,3340.5,2332667.0
2020-09-11 04:00:00,3345.25,3375.0,3308.75,3333.75,1876451.0
2020-09-14 04:00:00,3350.0,3402.75,3345.5,3382.5,1378626.0
2020-09-15 04:00:00,3379.5,3419.0,3376.0,3405.25,874366.0
2020-09-16 04:00:00,3405.0,3429.75,3384.0,3389.5,571749.0
2020-09-17 04:00:00,3392.75,3396.5,3320.5,3361.5,384917.0
2020-09-18 04:00:00,3355.75,3374.25,3341.75,3353.60009765625,2365554.0
2020-09-21 04:00:00,3314.5,3326.25,3217.75,3275.0,2507980.0
2020-09-22 04:00:00,3271.5,3309.5,3256.5,3299.25,1576319.0
2020-09-23 04:00:00,3303.75,3319.75,3221.0,3231.25,1979661.0
2020-09-24 04:00:00,3228.0,3268.25,3198.0,3238.0,2277010.0
2020-09-25 04:00:00,3243.5,3296.25,3206.5,3287.25,1697090.0
2020-09-28 04:00:00,3291.0,3351.25,3287.5,3346.0,1495804.0
2020-09-29 04:00:00,3348.75,3363.0,3316.5,3333.75,1326597.0
2020-09-30 04:00:00,3330.0,3384.0,3291.25,3352.0,2170601.0
2020-10-01 04:00:00,3344.75,3388.0,3343.25,3367.75,1517912.0
2020-10-02 04:00:00,3367.0,3375.5,3300.25,3339.25,2028921.0
2020-10-05 04:00:00,3360.0,3400.0,3346.5,3393.0,1077474.0
2020-10-06 04:00:00,3392.0,3421.75,3330.5,3353.25,1701062.0
2020-10-07 04:00:00,3338.0,3416.75,3332.25,3406.75,1400616.0
2020-10-08 04:00:00,3406.25,3447.25,3405.5,3437.5,1104986.0
2020-10-09 04:00:00,3447.25,3480.0,3445.25,3473.25,1185272.0
2020-10-12 04:00:00,3467.5,3541.0,3464.25,3532.75,1401063.0
2020-10-13 04:00:00,3534.0,3535.75,3491.5,3504.75,1617226.0
2020-10-14 04:00:00,3502.0,3524.0,3472.0,3481.0,1539718.0
2020-10-15 04:00:00,3479.25,3486.5,3431.5,3475.5,1650150.0
2020-10-16 04:00:00,3478.5,3508.5,3461.25,3462.25,1398947.0
2020-10-19 04:00:00,3471.0,3496.5,3410.75,3422.75,1645853.0
2020-10-20 04:00:00,3436.0,3469.75,3418.75,3432.25,1702183.0
2020-10-21 04:00:00,3437.0,3458.0,3420.5,3432.5,1681275.0
2020-10-22 04:00:00,3430.25,3453.0,3402.5,3449.25,1501259.0
2020-10-23 04:00:00,3455.75,3462.5,3431.5,3451.75,1216313.0
2020-10-26 04:00:00,3445.75,3446.25,3356.0,3393.5,1957780.0
2020-10-27 04:00:00,3394.25,3410.0,3368.25,3383.0,1566246.0
2020-10-28 04:00:00,3369.0,3370.25,3260.75,3263.5,2627180.0
2020-10-29 04:00:00,3279.0,3333.75,3250.25,3302.25,1965277.0
2020-10-30 04:00:00,3268.0,3296.25,3225.0,3264.75,2494925.0
2020-11-02 05:00:00,3260.0,3323.5,3243.25,3300.5,1849320.0
2020-11-03 05:00:00,3304.0,3382.75,3301.25,3361.5,1664690.0
2020-11-04 05:00:00,3362.75,3480.0,3319.0,3435.0,2813083.0
2020-11-05 05:00:00,3448.0,3522.5,3428.25,3504.75,1671417.0
2020-11-06 05:00:00,3508.75,3519.0,3456.75,3500.75,1640000.0
2020-11-09 05:00:00,3522.5,3668.0,3515.75,3544.0,2605322.0
2020-11-10 05:00:00,3549.5,3562.75,3506.5,3541.0,2160319.0
2020-11-11 05:00:00,3546.25,3576.75,3531.0,3568.0,1324983.0
2020-11-12 05:00:00,3574.5,3574.5,3513.0,3532.5,1685890.0
2020-11-13 05:00:00,3537.5,3590.0,3518.0,3582.0,1334530.0
2020-11-16 05:00:00,3587.0,3637.0,3586.5,3623.0,1303941.0
2020-11-17 05:00:00,3625.5,3630.0,3584.25,3606.75,1268206.0
2020-11-18 05:00:00,3604.5,3623.25,3556.5,3565.0,1325309.0
2020-11-19 05:00:00,3562.0,3582.75,3542.25,3580.0,1291117.0
2020-11-20 05:00:00,3560.0,3582.5,3542.75,3554.25,1189621.0
2020-11-23 05:00:00,3546.5,3588.0,3545.5,3576.0,1204848.0
2020-11-24 05:00:00,3576.0,3640.0,3575.25,3632.75,1288993.0
2020-11-25 05:00:00,3635.5,3655.0,3615.25,3627.25,1016343.0
2020-11-27 14:30:00,3630.25,3642.75,3612.75,3636.5,639268.0
2020-11-30 05:00:00,3643.75,3652.0,3592.25,3623.25,1712274.0
2020-12-01 05:00:00,3631.0,3677.5,3626.0,3660.5,1365328.0
2020-12-02 05:00:00,3661.25,3672.75,3642.25,3667.25,1106696.0
2020-12-03 05:00:00,3671.0,3682.0,3655.25,3664.5,1124033.0
2020-12-04 05:00:00,3668.25,3700.0,3665.5,3698.0,991860.0
2020-12-07 05:00:00,3694.75,3705.0,3672.25,3690.75,1078372.0
2020-12-08 05:00:00,3682.75,3708.0,3664.25,3702.0,1119000.0
2020-12-09 05:00:00,3707.75,3714.75,3659.5,3672.5,1792176.0
2020-12-10 05:00:00,3669.5,3681.25,3644.0,3668.5,1601203.0
2020-12-11 05:00:00,3670.0,3674.75,3628.25,3661.25,1538362.0
2020-12-14 05:00:00,3677.75,3698.0,3642.75,3646.5,1486250.0
2020-12-15 05:00:00,3653.0,3695.75,3642.75,3694.5,1029503.0
2020-12-16 05:00:00,3697.75,3711.5,3687.0,3700.75,584711.0
2020-12-17 05:00:00,3704.5,3724.75,3699.5,3721.25,292916.0
2020-12-18 05:00:00,3721.5,3733.25,3707.75,3726.25,1731161.0
2020-12-21 05:00:00,3718.25,3724.0,3596.0,3685.75,1837575.0
2020-12-22 05:00:00,3685.0,3695.0,3663.75,3677.25,1104998.0
2020-12-23 05:00:00,3674.25,3701.75,3651.0,3681.5,1021819.0
2020-12-24 14:30:00,3685.25,3696.0,3678.5,3695.0,369650.0
2020-12-28 05:00:00,3682.0,3732.25,3676.0,3727.5,760654.0
2020-12-29 05:00:00,3731.0,3747.75,3714.5,3720.0,992636.0
2020-12-30 05:00:00,3724.5,3738.25,3716.5,3724.25,769995.0
2020-12-31 05:00:00,3725.0,3753.0,3715.0,3748.75,993343.0
2021-01-04 05:00:00,3748.75,3773.25,3652.5,3692.25,2037616.0
2021-01-05 05:00:00,3695.0,3730.0,3673.25,3718.25,1414022.0
2021-01-06 05:00:00,3717.5,3774.75,3685.5,3740.5,2127155.0
2021-01-07 05:00:00,3752.5,3804.0,3742.0,3795.5,1302021.0
2021-01-08 05:00:00,3797.75,3824.5,3775.0,3817.5,1619438.0
2021-01-11 05:00:00,3815.5,3820.75,3776.5,3792.0,1292422.0
2021-01-12 05:00:00,3794.25,3806.75,3768.0,3794.5,1216214.0
2021-01-13 05:00:00,3792.0,3813.5,3776.5,3803.75,1049186.0
2021-01-14 05:00:00,3808.5,3817.75,3786.25,3791.25,1170812.0
2021-01-15 05:00:00,3793.0,3797.75,3741.5,3762.25,1781463.0
2021-01-19 05:00:00,3750.0,3797.0,3740.5,3790.5,1315580.0
2021-01-20 05:00:00,3796.75,3852.5,3788.5,3845.0,1248787.0
2021-01-21 05:00:00,3841.5,3859.75,3836.5,3846.0,1068271.0
2021-01-22 05:00:00,3846.75,3849.0,3813.25,3834.25,1186856.0
2021-01-25 05:00:00,3835.5,3853.25,3788.5,3848.5,1763898.0
2021-01-26 05:00:00,3845.0,3862.25,3821.5,3842.5,1172461.0
2021-01-27 05:00:00,3845.25,3853.0,3706.5,3744.25,2572020.0
2021-01-28 05:00:00,3735.25,3823.5,3703.5,3779.25,2149910.0
2021-01-29 05:00:00,3770.25,3777.25,3685.5,3705.25,2691820.0
2021-02-01 05:00:00,3692.25,3777.0,3656.5,3765.75,1687396.0
2021-02-02 05:00:00,3764.75,3835.75,3760.0,3818.25,1419765.0
2021-02-03 05:00:00,3829.5,3843.5,3807.75,3823.5,1285692.0
2021-02-04 05:00:00,3832.75,3869.75,3811.25,3864.5,1136404.0
2021-02-05 05:00:00,3864.25,3888.25,3860.0,3880.25,1138874.0
2021-02-08 05:00:00,3889.0,3911.25,3885.5,3908.0,972437.0
2021-02-09 05:00:00,3910.5,3913.25,3895.0,3905.5,881922.0
2021-02-10 05:00:00,3912.25,3928.5,3878.25,3903.0,1560824.0
2021-02-11 05:00:00,3907.0,3920.5,3884.5,3912.0,1296054.0
2021-02-12 05:00:00,3905.25,3936.25,3890.25,3931.0,1050298.0
2021-02-16 05:00:00,3936.5,3959.25,3918.75,3927.75,1450425.0
2021-02-17 05:00:00,3929.0,3932.25,3896.5,3928.0,1382825.0
2021-02-18 05:00:00,3928.25,3936.0,3880.5,3909.5,1536949.0
2021-02-19 05:00:00,3910.5,3931.0,3890.25,3903.0,1427294.0
2021-02-22 05:00:00,3905.5,3914.5,3861.25,3873.5,1514278.0
2021-02-23 05:00:00,3878.0,3896.0,3804.75,3878.0,2282940.0
2021-02-24 05:00:00,3876.25,3927.75,3851.75,3922.5,1944661.0
2021-02-25 05:00:00,3923.5,3934.5,3810.25,3828.0,2863387.0
2021-02-26 05:00:00,3823.25,3858.5,3785.0,3809.25,3010481.0
2021-03-01 05:00:00,3817.25,3912.0,3812.5,3898.75,1692835.0
2021-03-02 05:00:00,3903.25,3906.5,3865.5,3867.5,1641396.0
2021-03-03 05:00:00,3867.5,3898.0,3813.0,3816.75,2203398.0
2021-03-04 05:00:00,3818.0,3842.25,3720.5,3765.5,3192468.0
2021-03-05 05:00:00,3765.5,3850.0,3728.5,3839.0,2948117.0
2021-03-08 05:00:00,3854.75,3878.75,3796.25,3819.25,2198363.0
2021-03-09 05:00:00,3831.25,3901.25,3826.25,3873.25,1704837.0
2021-03-10 05:00:00,3878.5,3916.25,3856.25,3896.5,1845205.0
2021-03-11 05:00:00,3907.75,3958.5,3893.0,3936.75,1599748.0
2021-03-12 05:00:00,3937.5,3947.5,3910.25,3942.25,1448886.0
2021-03-15 04:00:00,3945.75,3969.75,3922.25,3967.5,1295099.0
2021-03-16 04:00:00,3967.0,3980.5,3952.75,3962.5,887247.0
2021-03-17 04:00:00,3967.5,3983.75,3935.25,3974.0,520411.0
2021-03-18 04:00:00,3972.0,3988.75,3911.0,3916.5,335435.0
2021-03-19 04:00:00,3923.75,3934.25,3908.0,3912.6201171875,2047619.0
2021-03-22 04:00:00,3893.5,3944.5,3885.0,3930.0,1325987.0
2021-03-23 04:00:00,3933.25,3938.75,3890.5,3899.75,1877976.0
2021-03-24 04:00:00,3905.75,3931.5,3877.5,3880.75,2063480.0
2021-03-25 04:00:00,3882.75,3909.5,3843.25,3900.5,2279488.0
2021-03-26 04:00:00,3907.5,3968.0,3900.75,3964.75,1984060.0
2021-03-29 04:00:00,3962.25,3971.25,3928.75,3959.0,2003052.0
2021-03-30 04:00:00,3965.25,3968.5,3933.75,3947.75,1590486.0
2021-03-31 04:00:00,3949.5,3983.75,3941.5,3967.5,1642169.0
2021-04-01 04:00:00,3967.5,4015.25,3964.5,4010.0,1245846.0
2021-04-05 04:00:00,4030.0,4073.75,4021.0,4067.75,1250666.0
2021-04-06 04:00:00,4069.75,4076.0,4052.25,4064.0,1252163.0
2021-04-07 04:00:00,4067.0,4075.5,4056.5,4070.0,1101579.0
2021-04-08 04:00:00,4074.25,4098.5,4072.5,4089.0,988346.0
2021-04-09 04:00:00,4098.0,4121.5,4081.0,4119.5,1090560.0
2021-04-12 04:00:00,4114.25,4124.5,4104.5,4120.25,1089291.0
2021-04-13 04:00:00,4122.75,4139.75,4101.25,4132.75,1081282.0
2021-04-14 04:00:00,4134.75,4144.0,4113.0,4118.0,1529562.0
2021-04-15 04:00:00,4123.5,4166.5,4119.5,4162.5,1277980.0
2021-04-16 04:00:00,4162.75,4183.5,4154.25,4176.25,1304078.0
2021-04-19 04:00:00,4165.0,4174.75,4141.75,4155.5,1618649.0
2021-04-20 04:00:00,4156.25,4167.25,4110.5,4126.5,1700883.0
2021-04-21 04:00:00,4121.25,4167.25,4113.0,4164.75,1505474.0
2021-04-22 04:00:00,4157.5,4171.75,4115.25,4127.75,1944942.0
2021-04-23 04:00:00,4129.0,4186.75,4127.5,4171.5,1509514.0
2021-04-26 04:00:00,4170.75,4186.0,4163.75,4179.5,1019731.0
2021-04-27 04:00:00,4181.5,4192.5,4166.75,4179.0,992029.0
2021-04-28 04:00:00,4180.25,4193.75,4172.75,4176.25,1282972.0
2021-04-29 04:00:00,4184.75,4211.0,4168.0,4203.5,1746965.0
2021-04-30 04:00:00,4200.75,4201.5,4167.25,4174.5,1898434.0
2021-05-03 04:00:00,4181.5,4202.5,4181.0,4185.75,1256240.0
2021-05-04 04:00:00,4184.25,4185.5,4120.5,4158.25,2003587.0
2021-05-05 04:00:00,4158.25,4180.0,4153.0,4160.0,1418246.0
2021-05-06 04:00:00,4158.75,4197.25,4140.5,4194.25,1751616.0
2021-05-07 04:00:00,4197.5,4232.25,4191.75,4225.25,1652592.0
2021-05-10 04:00:00,4226.75,4238.25,4172.0,4183.5,1662210.0
2021-05-11 04:00:00,4176.75,4185.5,4103.75,4146.25,2520859.0
2021-05-12 04:00:00,4140.0,4150.5,4051.0,4058.75,2629953.0
2021-05-13 04:00:00,4053.5,4126.75,4029.25,4107.0,2381081.0
2021-05-14 04:00:00,4112.5,4178.25,4105.25,4169.0,1513171.0
2021-05-17 04:00:00,4169.0,4178.75,4136.5,4157.75,1480730.0
2021-05-18 04:00:00,4159.0,4179.5,4111.5,4123.0,1285520.0
2021-05-19 04:00:00,4114.0,4123.0,4055.5,4111.5,2313119.0
2021-05-20 04:00:00,4107.75,4169.25,4084.5,4154.25,1486599.0
2021-05-21 04:00:00,4152.5,4185.0,4147.0,4151.75,1466725.0
2021-05-24 04:00:00,4151.5,4206.25,4142.5,4193.75,1046500.0
2021-05-25 04:00:00,4199.25,4212.75,4179.25,4185.5,1221701.0
2021-05-26 04:00:00,4188.0,4204.25,4180.5,4193.0,1051147.0
2021-05-27 04:00:00,4193.0,4211.5,4177.75,4199.0,1179928.0
2021-05-28 04:00:00,4211.25,4217.5,4201.0,4202.5,1110833.0
2021-06-01 04:00:00,4206.5,4230.0,4190.0,4198.5,1366344.0
2021-06-02 04:00:00,4198.5,4215.0,4190.75,4206.25,1059938.0
2021-06-03 04:00:00,4208.0,4213.25,4165.25,4191.25,1384271.0
2021-06-04 04:00:00,4190.75,4232.0,4177.0,4228.25,1051573.0
2021-06-07 04:00:00,4232.25,4232.5,4214.0,4225.5,934681.0
2021-06-08 04:00:00,4227.5,4236.75,4205.75,4225.75,1305814.0
2021-06-09 04:00:00,4225.5,4235.0,4217.0,4218.5,1057216.0
2021-06-10 04:00:00,4222.25,4249.0,4207.0,4238.0,1563728.0
2021-06-11 04:00:00,4239.5,4247.75,4230.75,4245.75,1084830.0
2021-06-14 04:00:00,4248.0,4257.5,4233.5,4254.75,1116773.0
2021-06-15 04:00:00,4255.25,4267.5,4238.0,4246.5,981189.0
2021-06-16 04:00:00,4248.0,4251.25,4200.75,4223.0,511740.0
2021-06-17 04:00:00,4214.25,4232.5,4193.0,4222.25,326193.0
2021-06-18 04:00:00,4225.75,4231.0,4183.75,4187.25,1951342.0
2021-06-21 04:00:00,4142.5,4219.75,4126.75,4213.75,1425623.0
2021-06-22 04:00:00,4219.25,4245.5,4205.75,4236.25,1063749.0
2021-06-23 04:00:00,4237.5,4248.25,4230.5,4231.5,938299.0
2021-06-24 04:00:00,4233.75,4263.75,4231.75,4256.0,878788.0
2021-06-25 04:00:00,4262.0,4276.75,4253.5,4271.25,906160.0
2021-06-28 04:00:00,4275.0,4282.0,4264.25,4280.5,823723.0
2021-06-29 04:00:00,4280.5,4291.0,4271.75,4282.0,741471.0
2021-06-30 04:00:00,4284.75,4294.25,4269.25,4288.5,1100062.0
2021-07-01 04:00:00,4294.25,4312.0,4286.0,4310.75,985190.0
2021-07-02 04:00:00,4309.75,4347.0,4308.0,4342.75,999780.0
2021-07-06 04:00:00,4341.0,4348.0,4305.25,4334.0,1368133.0
2021-07-07 04:00:00,4328.0,4353.25,4320.25,4349.75,1221078.0
2021-07-08 04:00:00,4352.25,4352.25,4279.25,4313.0,1991636.0
2021-07-09 04:00:00,4310.25,4364.0,4293.25,4360.0,1311506.0
2021-07-12 04:00:00,4362.0,4379.25,4341.75,4376.5,1055739.0
2021-07-13 04:00:00,4377.0,4383.75,4356.5,4361.25,1249893.0
2021-07-14 04:00:00,4359.5,4384.5,4350.0,4367.75,1308582.0
2021-07-15 04:00:00,4366.5,4370.25,4332.5,4352.0,1611726.0
2021-07-16 04:00:00,4347.75,4368.0,4314.25,4318.5,1636065.0
2021-07-19 04:00:00,4320.0,4320.75,4224.0,4251.25,2599774.0
2021-07-20 04:00:00,4262.75,4329.0,4252.75,4315.5,1844380.0
2021-07-21 04:00:00,4318.75,4355.25,4310.0,4350.5,1191429.0
2021-07-22 04:00:00,4355.0,4371.5,4341.5,4359.5,981969.0
2021-07-23 04:00:00,4371.5,4408.25,4367.25,4403.0,1173337.0
2021-07-26 04:00:00,4400.5,4416.75,4375.5,4414.25,938628.0
2021-07-27 04:00:00,4415.75,4416.0,4364.75,4394.5,1575473.0
2021-07-28 04:00:00,4380.0,4407.75,4377.5,4393.75,1221313.0
2021-07-29 04:00:00,4393.75,4422.5,4380.5,4411.75,1009496.0
2021-07-30 04:00:00,4394.25,4405.0,4370.75,4389.5,1376982.0
2021-08-02 04:00:00,4396.5,4419.75,4377.25,4379.75,1193301.0
2021-08-03 04:00:00,4383.75,4417.0,4365.25,4415.0,1296856.0
2021-08-04 04:00:00,4409.75,4415.0,4391.25,4394.75,1047251.0
2021-08-05 04:00:00,4396.25,4422.75,4393.75,4421.5,763343.0
2021-08-06 04:00:00,4420.25,4433.25,4416.0,4429.5,951045.0
2021-08-09 04:00:00,4428.0,4432.0,4412.25,4425.75,789726.0
2021-08-10 04:00:00,4427.25,4438.25,4416.5,4430.0,950320.0
2021-08-11 04:00:00,4429.25,4443.25,4420.75,4440.5,1001054.0
2021-08-12 04:00:00,4440.0,4456.25,4430.25,4454.5,850527.0
2021-08-13 04:00:00,4455.75,4463.25,4451.0,4462.5,789104.0
2021-08-16 04:00:00,4456.25,4476.5,4432.5,4474.0,1239520.0
2021-08-17 04:00:00,4472.0,4472.25,4411.75,4443.5,1789568.0
2021-08-18 04:00:00,4436.75,4449.75,4381.5,4394.5,1546011.0
2021-08-19 04:00:00,4389.75,4414.75,4347.75,4401.5,1924058.0
2021-08-20 04:00:00,4403.75,4440.5,4371.75,4437.0,1328852.0
2021-08-23 04:00:00,4435.0,4485.75,4433.5,4475.5,997026.0
2021-08-24 04:00:00,4481.0,4492.0,4476.75,4482.5,787503.0
2021-08-25 04:00:00,4483.5,4498.0,4476.25,4493.0,801106.0
2021-08-26 04:00:00,4493.75,4494.25,4465.0,4466.5,1306718.0
2021-08-27 04:00:00,4470.0,4510.0,4462.25,4505.5,1216414.0
2021-08-30 04:00:00,4508.75,4534.5,4500.75,4525.25,975807.0
2021-08-31 04:00:00,4529.5,4542.25,4512.5,4520.5,1378199.0
2021-09-01 04:00:00,4527.75,4540.0,4519.25,4521.25,1061414.0
2021-09-02 04:00:00,4522.5,4544.0,4516.0,4535.25,1016806.0
2021-09-03 04:00:00,4536.75,4549.5,4519.25,4534.5,1156146.0
2021-09-07 04:00:00,4533.0,4548.0,4510.75,4519.25,1277938.0
2021-09-08 04:00:00,4517.5,4524.75,4492.0,4512.5,1606757.0
2021-09-09 04:00:00,4511.0,4529.5,4485.5,4492.25,1696301.0
2021-09-10 04:00:00,4491.25,4518.25,4456.5,4458.25,1721413.0
2021-09-13 04:00:00,4461.0,4492.75,4444.75,4469.0,1534719.0
2021-09-14 04:00:00,4475.5,4489.5,4435.0,4444.5,893788.0
2021-09-15 04:00:00,4446.75,4487.5,4437.5,4481.75,518985.0
2021-09-16 04:00:00,4486.0,4487.5,4443.0,4474.25,268026.0
2021-09-17 04:00:00,4471.0,4482.5,4459.0,4464.330078125,1968041.0
2021-09-20 04:00:00,4411.75,4418.0,4293.75,4348.25,2711340.0
2021-09-21 04:00:00,4342.5,4395.75,4329.25,4343.25,1941006.0
2021-09-22 04:00:00,4336.5,4406.5,4321.25,4384.0,1767853.0
2021-09-23 04:00:00,4386.0,4455.0,4385.75,4438.0,1447395.0
2021-09-24 04:00:00,4439.0,4453.0,4410.75,4445.75,1182037.0
2021-09-27 04:00:00,4446.0,4472.0,4425.0,4433.0,1306188.0
2021-09-28 04:00:00,4429.75,4442.0,4334.75,4343.5,2307037.0
2021-09-29 04:00:00,4347.5,4378.75,4344.25,4349.75,1815726.0
2021-09-30 04:00:00,4360.0,4389.0,4294.25,4297.75,2373423.0
2021-10-01 04:00:00,4301.0,4365.75,4260.0,4343.75,2269695.0
2021-10-04 04:00:00,4349.0,4362.0,4267.5,4291.25,2135338.0
2021-10-05 04:00:00,4295.75,4359.75,4269.0,4334.0,1650217.0
2021-10-06 04:00:00,4334.0,4357.5,4273.75,4354.0,2202805.0
2021-10-07 04:00:00,4355.25,4421.5,4355.0,4390.0,1406808.0
2021-10-08 04:00:00,4390.5,4407.75,4376.25,4382.25,1428160.0
2021-10-11 04:00:00,4381.0,4407.5,4344.0,4351.0,1245705.0
2021-10-12 04:00:00,4347.75,4365.0,4317.25,4340.75,1295686.0
2021-10-13 04:00:00,4327.5,4364.75,4318.75,4355.0,1372482.0
2021-10-14 04:00:00,4354.75,4437.25,4354.0,4429.0,1264458.0
2021-10-15 04:00:00,4433.0,4467.5,4426.25,4462.5,1185108.0
2021-10-18 04:00:00,4465.5,4479.75,4436.25,4477.5,1095216.0
2021-10-19 04:00:00,4475.75,4517.5,4471.75,4511.25,1018177.0
2021-10-20 04:00:00,4516.0,4532.25,4504.0,4528.0,1006857.0
2021-10-21 04:00:00,4525.0,4543.25,4510.25,4541.75,938565.0
2021-10-22 04:00:00,4530.0,4551.5,4515.25,4536.5,1315668.0
2021-10-25 04:00:00,4528.75,4566.25,4522.5,4558.0,1031431.0
2021-10-26 04:00:00,4564.75,4590.0,4560.75,4565.25,1257346.0
2021-10-27 04:00:00,4563.75,4576.75,4543.75,4544.5,1263181.0
2021-10-28 04:00:00,4548.75,4589.75,4545.25,4587.5,1195785.0
2021-10-29 04:00:00,4577.0,4603.5,4559.25,4597.0,1418280.0
2021-11-01 04:00:00,4608.0,4619.5,4586.5,4605.75,1071118.0
2021-11-02 04:00:00,4605.75,4627.0,4593.25,4623.5,980833.0
2021-11-03 04:00:00,4621.25,4657.0,4613.0,4652.25,1074650.0
2021-11-04 04:00:00,4651.5,4676.25,4650.75,4673.25,1169886.0
2021-11-05 04:00:00,4671.75,4711.75,4667.5,4690.25,1459142.0
2021-11-08 05:00:00,4678.5,4707.0,4676.25,4694.0,1000404.0
2021-11-09 05:00:00,4690.75,4700.5,4663.25,4678.25,1289857.0
2021-11-10 05:00:00,4674.75,4680.25,4625.25,4642.0,1639098.0
2021-11-11 05:00:00,4645.0,4661.5,4638.0,4643.0,936857.0
2021-11-12 05:00:00,4647.0,4685.5,4643.75,4678.25,1155591.0
2021-11-15 05:00:00,4684.75,4697.5,4667.0,4679.0,1047123.0
2021-11-16 05:00:00,4680.75,4709.75,4670.75,4696.0,1043587.0
2021-11-17 05:00:00,4696.5,4701.0,4679.25,4686.25,1056696.0
2021-11-18 05:00:00,4685.25,4706.5,4668.0,4701.5,1168195.0
2021-11-19 05:00:00,4705.25,4723.5,4684.25,4694.5,1344893.0
2021-11-22 05:00:00,4701.0,4740.5,4674.25,4679.75,1685386.0
2021-11-23 05:00:00,4686.0,4695.5,4649.0,4688.5,1872492.0
2021-11-24 05:00:00,4686.25,4702.25,4656.25,4699.0,1408571.0
2021-11-26 14:30:00,4700.5,4717.0,4577.25,4595.75,2068167.0
2021-11-29 05:00:00,4589.0,4669.75,4588.75,4651.0,2014967.0
2021-11-30 05:00:00,4657.25,4667.5,4557.0,4566.25,2845560.0
2021-12-01 05:00:00,4587.5,4650.75,4497.75,4508.5,2670344.0
2021-12-02 05:00:00,4514.75,4593.75,4505.5,4575.75,2587324.0
2021-12-03 05:00:00,4587.25,4606.5,4492.0,4537.5,2747667.0
2021-12-06 05:00:00,4542.25,4611.75,4531.5,4590.0,2031995.0
2021-12-07 05:00:00,4594.25,4697.25,4587.25,4685.0,1771947.0
2021-12-08 05:00:00,4695.25,4712.0,4671.75,4699.0,1418355.0
2021-12-09 05:00:00,4697.25,4706.0,4662.25,4667.0,1593325.0
2021-12-10 05:00:00,4669.25,4712.75,4664.25,4711.0,1585049.0
2021-12-13 05:00:00,4711.25,4731.0,4664.75,4668.75,1605196.0
2021-12-14 05:00:00,4672.0,4686.0,4606.0,4637.0,1211592.0
2021-12-15 05:00:00,4637.75,4715.0,4611.25,4709.5,673190.0
2021-12-16 05:00:00,4711.5,4752.5,4651.25,4668.75,435986.0
2021-12-17 05:00:00,4674.25,4677.75,4629.5,4636.4599609375,2472118.0
2021-12-20 05:00:00,4612.0,4621.5,4520.25,4558.5,2097624.0
2021-12-21 05:00:00,4567.75,4643.0,4565.75,4640.75,1493880.0
2021-12-22 05:00:00,4641.75,4690.5,4622.25,4686.0,1104688.0
2021-12-23 05:00:00,4689.0,4731.25,4684.25,4715.75,978022.0
2021-12-27 05:00:00,4717.0,4784.25,4713.25,4782.25,898698.0
2021-12-28 05:00:00,4780.5,4798.0,4770.5,4778.5,954520.0
2021-12-29 05:00:00,4781.0,4796.0,4770.0,4784.5,876030.0
2021-12-30 05:00:00,4784.75,4799.75,4767.25,4772.25,753935.0
2021-12-31 05:00:00,4773.75,4778.5,4750.5,4758.5,954083.0
2022-01-03 05:00:00,4771.0,4791.25,4747.5,4786.0,1322362.0
2022-01-04 05:00:00,4785.25,4808.25,4764.5,4784.25,1392809.0
2022-01-05 05:00:00,4783.5,4788.25,4689.5,4692.5,1856376.0
2022-01-06 05:00:00,4692.0,4715.75,4662.0,4687.5,1862918.0
2022-01-07 05:00:00,4695.0,4705.75,4653.75,4667.75,1618440.0
2022-01-10 05:00:00,4671.25,4681.75,4572.75,4662.25,2231980.0
2022-01-11 05:00:00,4663.5,4707.5,4627.25,4705.0,1729004.0
2022-01-12 05:00:00,4704.0,4739.5,4695.0,4716.25,1583216.0
2022-01-13 05:00:00,4719.25,4736.25,4642.5,4652.0,1824612.0
2022-01-14 05:00:00,4655.0,4667.0,4606.0,4654.75,2010610.0
2022-01-18 05:00:00,4666.0,4671.75,4560.0,4571.25,2268240.0
2022-01-19 05:00:00,4577.75,4603.0,4517.25,4524.25,2001348.0
2022-01-20 05:00:00,4526.0,4594.25,4437.75,4474.75,2040704.0
2022-01-21 05:00:00,4454.25,4487.0,4381.25,4390.0,3012106.0
2022-01-24 05:00:00,4389.0,4427.5,4212.75,4403.75,3846785.0
2022-01-25 05:00:00,4402.75,4406.75,4276.5,4349.0,2483392.0
2022-01-26 05:00:00,4308.75,4446.25,4294.25,4341.5,2423103.0
2022-01-27 05:00:00,4345.25,4422.0,4263.25,4317.75,2295458.0
2022-01-28 05:00:00,4348.0,4426.0,4266.25,4423.25,2251268.0
2022-01-31 05:00:00,4423.5,4507.75,4395.5,4504.25,1846145.0
2022-02-01 05:00:00,4493.25,4554.75,4474.0,4535.0,1618163.0
2022-02-02 05:00:00,4552.0,4586.0,4535.25,4577.25,1624220.0
2022-02-03 05:00:00,4545.75,4548.25,4462.0,4469.0,1800714.0
2022-02-04 05:00:00,4518.0,4532.5,4438.5,4492.5,1957881.0
2022-02-07 05:00:00,4497.0,4514.5,4462.75,4475.75,1495143.0
2022-02-08 05:00:00,4484.0,4523.75,4456.25,4512.5,1459766.0
2022-02-09 05:00:00,4519.0,4585.0,4517.25,4577.75,1383317.0
2022-02-10 05:00:00,4582.25,4583.75,4476.0,4497.5,2403026.0
2022-02-11 05:00:00,4494.5,4520.5,4393.25,4409.5,2479025.0
2022-02-14 05:00:00,4411.75,4428.0,4354.0,4394.0,2098618.0
2022-02-15 05:00:00,4393.5,4468.0,4381.75,4464.5,1523305.0
2022-02-16 05:00:00,4458.75,4484.5,4422.75,4470.0,1426847.0
2022-02-17 05:00:00,4464.25,4474.75,4367.25,4374.5,1629730.0
2022-02-18 05:00:00,4374.75,4411.5,4321.0,4343.5,1824590.0
2022-02-22 05:00:00,4324.25,4391.25,4250.0,4300.0,2589159.0
2022-02-23 05:00:00,4310.75,4345.5,4212.5,4222.0,1914227.0
2022-02-24 05:00:00,4215.5,4290.0,4101.75,4284.0,2945330.0
2022-02-25 05:00:00,4266.75,4384.25,4227.5,4380.0,1950397.0
2022-02-28 05:00:00,4299.5,4385.5,4251.5,4368.0,2189820.0
2022-03-01 05:00:00,4367.5,4399.0,4275.0,4303.75,1869277.0
2022-03-02 05:00:00,4308.75,4399.25,4278.25,4381.75,1712970.0
2022-03-03 05:00:00,4373.75,4418.75,4341.0,4359.25,1547676.0
2022-03-04 05:00:00,4366.5,4374.5,4281.25,4327.25,1842722.0
2022-03-07 05:00:00,4308.75,4325.25,4185.25,4198.5,1902001.0
2022-03-08 05:00:00,4186.5,4275.0,4138.75,4168.75,2333021.0
2022-03-09 05:00:00,4153.0,4298.25,4152.0,4275.25,1659520.0
2022-03-10 05:00:00,4279.0,4282.25,4207.0,4257.25,1745090.0
2022-03-11 05:00:00,4258.5,4335.5,4198.0,4201.5,1645055.0
2022-03-14 04:00:00,4216.0,4254.5,4160.75,4172.0,1438651.0
2022-03-15 04:00:00,4180.25,4271.5,4138.0,4262.0,1085846.0
2022-03-16 04:00:00,4257.5,4376.0,4246.25,4358.0,722600.0
2022-03-17 04:00:00,4370.5,4415.25,4329.0,4410.25,434642.0
2022-03-18 04:00:00,4393.0,4409.35009765625,4373.75,4409.35009765625,1405299.0
2022-03-21 04:00:00,4460.0,4473.0,4415.0,4452.25,1375090.0
2022-03-22 04:00:00,4456.75,4514.75,4433.0,4505.0,1205860.0
2022-03-23 04:00:00,4504.0,4514.0,4444.75,4447.5,1336967.0
2022-03-24 04:00:00,4449.25,4517.5,4445.75,4512.5,1221569.0
2022-03-25 04:00:00,4516.25,4539.0,4493.25,4536.5,1251078.0
2022-03-28 04:00:00,4535.25,4572.25,4509.75,4568.0,1182527.0
2022-03-29 04:00:00,4570.25,4631.0,4565.25,4625.5,1353683.0
2022-03-30 04:00:00,4621.25,4627.5,4574.75,4596.0,1206203.0
2022-03-31 04:00:00,4599.0,4614.25,4526.25,4530.75,1650667.0
2022-04-01 04:00:00,4541.0,4555.5,4501.25,4539.25,1441126.0
2022-04-04 04:00:00,4538.25,4580.0,4527.75,4577.75,1025558.0
2022-04-05 04:00:00,4576.25,4588.75,4507.75,4520.25,1303877.0
2022-04-06 04:00:00,4526.25,4528.75,4444.5,4475.75,1803684.0
2022-04-07 04:00:00,4471.25,4517.25,4444.5,4496.25,1446250.0
2022-04-08 04:00:00,4494.75,4519.75,4468.75,4483.5,1358450.0
2022-04-11 04:00:00,4488.75,4491.25,4403.5,4409.0,1431371.0
2022-04-12 04:00:00,4411.0,4466.75,4375.5,4393.0,1739771.0
2022-04-13 04:00:00,4396.75,4449.5,4384.0,4442.25,1254348.0
2022-04-14 04:00:00,4438.5,4455.75,4385.0,4387.5,1396074.0
2022-04-18 04:00:00,4390.0,4406.25,4355.5,4386.75,1149765.0
2022-04-19 04:00:00,4399.0,4467.0,4371.75,4459.25,1465764.0
2022-04-20 04:00:00,4441.0,4484.25,4432.75,4455.5,1423396.0
2022-04-21 04:00:00,4468.0,4509.0,4380.0,4390.5,1704137.0
2022-04-22 04:00:00,4385.75,4393.25,4247.5,4267.25,2039961.0
2022-04-25 04:00:00,4259.0,4296.5,4195.25,4292.75,2280374.0
2022-04-26 04:00:00,4294.0,4303.5,4136.75,4170.5,2018166.0
2022-04-27 04:00:00,4149.5,4236.25,4149.0,4180.25,2035627.0
2022-04-28 04:00:00,4213.0,4303.5,4182.5,4283.5,1798644.0
2022-04-29 04:00:00,4244.0,4279.75,4118.75,4127.5,2117160.0
2022-05-02 04:00:00,4144.0,4165.75,4056.0,4151.0,2351404.0
2022-05-03 04:00:00,4145.5,4195.75,4129.0,4169.25,1678497.0
2022-05-04 04:00:00,4171.25,4303.0,4142.75,4295.25,1783477.0
2022-05-05 04:00:00,4289.75,4300.75,4099.25,4143.25,2389422.0
2022-05-06 04:00:00,4146.5,4153.25,4062.0,4119.5,2310919.0
2022-05-09 04:00:00,4087.25,4099.0,3970.0,3987.5,2139992.0
2022-05-10 04:00:00,3993.25,4065.5,3953.0,3996.75,2247750.0
2022-05-11 04:00:00,3990.5,4050.5,3923.75,3930.25,2157244.0
2022-05-12 04:00:00,3939.75,3961.75,3855.0,3927.25,2380563.0
2022-05-13 04:00:00,3916.25,4036.0,3915.5,4019.75,1859074.0
2022-05-16 04:00:00,4025.0,4043.5,3979.5,4004.75,1695198.0
2022-05-17 04:00:00,4002.0,4091.5,4000.5,4084.75,1716498.0
2022-05-18 04:00:00,4091.25,4095.0,3905.5,3922.75,2202394.0
2022-05-19 04:00:00,3916.5,3943.5,3856.0,3897.75,2317604.0
2022-05-20 04:00:00,3900.5,3949.5,3807.5,3899.5,2408399.0
2022-05-23 04:00:00,3910.5,3982.25,3906.5,3971.75,1736162.0
2022-05-24 04:00:00,3951.75,3954.5,3872.0,3940.5,2017453.0
2022-05-25 04:00:00,3950.0,3997.75,3913.5,3976.75,1744116.0
2022-05-26 04:00:00,3972.25,4073.5,3960.5,4055.75,1493132.0
2022-05-27 04:00:00,4047.5,4168.25,4041.25,4155.75,1547507.0
2022-05-31 04:00:00,4164.5,4202.25,4102.75,4131.25,2222573.0
2022-06-01 04:00:00,4138.5,4165.0,4071.5,4099.0,1912031.0
2022-06-02 04:00:00,4097.75,4179.0,4072.25,4175.25,1513748.0
2022-06-03 04:00:00,4177.75,4189.0,4096.75,4107.0,1532766.0
2022-06-06 04:00:00,4110.5,4168.25,4104.5,4120.5,1457918.0
2022-06-07 04:00:00,4122.0,4164.0,4076.0,4158.75,1677883.0
2022-06-08 04:00:00,4150.75,4160.0,4105.25,4114.0,1706628.0
2022-06-09 04:00:00,4116.0,4144.25,4014.75,4016.25,2024783.0
2022-06-10 04:00:00,4025.25,4029.5,3895.25,3899.0,2117225.0
2022-06-13 04:00:00,3870.75,3876.5,3732.5,3750.5,2155159.0
2022-06-14 04:00:00,3758.25,3805.0,3705.25,3736.75,1341257.0
2022-06-15 04:00:00,3740.0,3839.0,3720.25,3789.25,777545.0
2022-06-16 04:00:00,3794.25,3828.75,3639.0,3668.25,544027.0
2022-06-17 04:00:00,3677.5,3710.75,3663.760009765625,3663.760009765625,2207570.0
2022-06-21 04:00:00,3684.0,3783.75,3661.5,3767.75,1566039.0
2022-06-22 04:00:00,3766.25,3805.5,3693.25,3762.75,1660579.0
2022-06-23 04:00:00,3761.25,3805.75,3735.0,3799.75,1607695.0
2022-06-24 04:00:00,3785.25,3919.75,3781.25,3916.25,1563128.0
2022-06-27 04:00:00,3915.0,3948.0,3892.5,3903.75,1497368.0
2022-06-28 04:00:00,3911.25,3950.0,3821.75,3825.5,1791690.0
2022-06-29 04:00:00,3828.25,3840.0,3801.25,3821.25,1717770.0
2022-06-30 04:00:00,3822.75,3825.0,3741.25,3789.5,2394361.0
2022-07-01 04:00:00,3782.0,3833.5,3744.5,3827.25,1752977.0
2022-07-05 04:00:00,3828.5,3857.75,3744.0,3834.0,2031501.0
2022-07-06 04:00:00,3838.0,3875.0,3808.75,3848.25,1684324.0
2022-07-07 04:00:00,3853.75,3914.25,3832.5,3905.0,1314443.0
2022-07-08 04:00:00,3897.0,3922.0,3868.0,3901.25,1485497.0
2022-07-11 04:00:00,3900.0,3900.75,3850.0,3856.75,1486103.0
2022-07-12 04:00:00,3862.0,3876.5,3804.75,3823.75,1640864.0
2022-07-13 04:00:00,3825.0,3873.0,3752.0,3804.5,2157968.0
2022-07-14 04:00:00,3795.75,3806.25,3723.75,3793.25,1916260.0
2022-07-15 04:00:00,3797.75,3868.25,3780.25,3865.0,1523753.0
2022-07-18 04:00:00,3878.5,3909.5,3820.25,3833.75,1439590.0
2022-07-19 04:00:00,3838.5,3948.0,3834.0,3937.5,1611604.0
2022-07-20 04:00:00,3947.0,3977.25,3922.25,3962.5,1734355.0
2022-07-21 04:00:00,3954.0,4004.75,3930.25,4001.25,1821097.0
2022-07-22 04:00:00,3988.0,4016.25,3941.5,3965.0,1736592.0
2022-07-25 04:00:00,3967.75,3988.75,3946.0,3970.0,1493471.0
2022-07-26 04:00:00,3959.0,3964.5,3913.25,3923.25,1589161.0
2022-07-27 04:00:00,3939.25,4042.75,3938.75,4024.5,1740431.0
2022-07-28 04:00:00,4022.0,4111.0,3994.5,4073.5,2014467.0
2022-07-29 04:00:00,4105.0,4144.0,4081.0,4133.5,1919598.0
2022-08-01 04:00:00,4137.5,4147.25,4097.0,4120.5,1776936.0
2022-08-02 04:00:00,4119.75,4143.0,4080.5,4093.75,1892241.0
2022-08-03 04:00:00,4097.0,4170.0,4084.5,4156.25,1696602.0
2022-08-04 04:00:00,4150.25,4173.25,4136.0,4152.25,1245063.0
2022-08-05 04:00:00,4152.0,4166.25,4103.75,4146.75,1722401.0
2022-08-08 04:00:00,4149.75,4188.0,4129.25,4141.75,1536449.0
2022-08-09 04:00:00,4148.5,4155.0,4113.0,4124.5,1280085.0
2022-08-10 04:00:00,4128.75,4213.5,4113.75,4210.0,1627940.0
2022-08-11 04:00:00,4210.75,4260.5,4202.75,4209.75,1598130.0
2022-08-12 04:00:00,4219.25,4282.75,4208.25,4281.0,1300170.0
2022-08-15 04:00:00,4277.0,4304.75,4249.0,4298.25,1317241.0
2022-08-16 04:00:00,4294.5,4327.5,4278.75,4307.75,1363248.0
2022-08-17 04:00:00,4309.25,4315.0,4255.0,4276.75,1638797.0
2022-08-18 04:00:00,4279.5,4295.5,4258.0,4286.5,1366220.0
2022-08-19 04:00:00,4287.0,4288.0,4220.75,4231.5,1701251.0
2022-08-22 04:00:00,4221.0,4221.5,4131.5,4141.25,1724203.0
2022-08-23 04:00:00,4147.0,4161.75,4118.0,4130.5,1575674.0
2022-08-24 04:00:00,4128.25,4158.5,4110.75,4142.75,1348612.0
2022-08-25 04:00:00,4148.75,4202.75,4143.0,4201.0,1635476.0
2022-08-26 04:00:00,4198.25,4217.25,4042.75,4059.5,2241117.0
2022-08-29 04:00:00,4024.0,4064.0,4006.75,4031.25,1963446.0
2022-08-30 04:00:00,4035.75,4072.75,3964.5,3987.5,2555455.0
2022-08-31 04:00:00,3987.25,4018.25,3953.0,3956.5,2366488.0
2022-09-01 04:00:00,3958.0,3971.25,3903.5,3968.75,2212034.0
2022-09-02 04:00:00,3967.5,4019.25,3906.0,3924.5,2510355.0
2022-09-06 04:00:00,3929.0,3963.25,3886.75,3910.5,2360326.0
2022-09-07 04:00:00,3907.5,3988.75,3883.5,3980.0,1956209.0
2022-09-08 04:00:00,3980.0,4011.5,3942.75,4005.5,2356008.0
2022-09-09 04:00:00,4010.25,4077.25,4005.75,4067.25,1677890.0
2022-09-12 04:00:00,4077.25,4119.75,4062.25,4110.75,1718859.0
2022-09-13 04:00:00,4118.25,4158.0,3919.75,3931.25,1418271.0
2022-09-14 04:00:00,3936.75,3962.75,3911.25,3947.5,662596.0
2022-09-15 04:00:00,3955.0,3959.5,3888.0,3902.0,438921.0
2022-09-16 04:00:00,3888.5,3888.5,3846.0,3871.239990234375,2688630.0
2022-09-19 04:00:00,3889.5,3927.0,3846.25,3917.25,2100098.0
2022-09-20 04:00:00,3923.0,3936.25,3843.25,3872.75,2357296.0
2022-09-21 04:00:00,3878.75,3925.25,3792.0,3806.25,2440206.0
2022-09-22 04:00:00,3794.0,3833.0,3763.5,3772.0,2578314.0
2022-09-23 04:00:00,3777.25,3783.25,3660.25,3709.0,2913560.0
2022-09-26 04:00:00,3705.25,3730.5,3657.5,3670.0,2899415.0
2022-09-27 04:00:00,3668.0,3733.0,3635.25,3661.0,2963065.0
2022-09-28 04:00:00,3668.5,3751.25,3613.0,3732.0,2780935.0
2022-09-29 04:00:00,3730.25,3736.0,3622.0,3654.25,2860631.0
2022-09-30 04:00:00,3656.5,3693.75,3595.25,3601.5,2976179.0
2022-10-03 04:00:00,3593.25,3711.75,3571.75,3690.25,2315515.0
2022-10-04 04:00:00,3696.5,3808.75,3686.25,3803.25,2381497.0
2022-10-05 04:00:00,3801.0,3820.0,3734.0,3794.0,2089198.0
2022-10-06 04:00:00,3795.75,3819.5,3750.0,3756.75,2157569.0
2022-10-07 04:00:00,3745.75,3770.5,3632.5,3653.25,2238683.0
2022-10-10 04:00:00,3638.75,3667.5,3600.0,3625.25,2024447.0
2022-10-11 04:00:00,3624.75,3653.25,3579.0,3599.25,2398140.0
2022-10-12 04:00:00,3607.0,3635.25,3585.5,3588.5,1948173.0
2022-10-13 04:00:00,3596.25,3697.75,3502.0,3681.75,3288646.0
2022-10-14 04:00:00,3680.25,3733.75,3591.25,3597.5,2730405.0
2022-10-17 04:00:00,3591.0,3702.5,3590.5,3689.25,1951998.0
2022-10-18 04:00:00,3706.25,3777.25,3697.25,3732.75,2746886.0
2022-10-19 04:00:00,3759.75,3774.25,3676.75,3707.25,2348844.0
2022-10-20 04:00:00,3708.0,3748.0,3666.25,3675.25,2403705.0
2022-10-21 04:00:00,3677.75,3773.25,3641.5,3764.0,2681019.0
2022-10-24 04:00:00,3771.0,3822.0,3736.5,3809.25,2109780.0
2022-10-25 04:00:00,3803.25,3874.25,3790.0,3870.25,1836723.0
2022-10-26 04:00:00,3841.0,3897.5,3824.25,3841.0,2118534.0
2022-10-27 04:00:00,3844.25,3870.75,3757.5,3819.5,2211786.0
2022-10-28 04:00:00,3798.25,3924.25,3776.75,3911.25,2084386.0
2022-10-31 04:00:00,3911.5,3914.75,3872.25,3883.0,2002625.0
2022-11-01 04:00:00,3884.0,3928.0,3852.5,3866.0,1895614.0
2022-11-02 04:00:00,3863.0,3907.0,3760.25,3768.75,2210708.0
2022-11-03 04:00:00,3766.75,3782.5,3704.25,3727.75,1887557.0
2022-11-04 04:00:00,3724.0,3805.5,3711.0,3779.5,2494788.0
2022-11-07 05:00:00,3750.0,3821.75,3738.25,3815.25,1483146.0
2022-11-08 05:00:00,3812.75,3867.0,3792.75,3835.25,1878046.0
2022-11-09 05:00:00,3832.5,3848.75,3750.0,3755.5,1889153.0
2022-11-10 05:00:00,3757.0,3973.5,3751.5,3961.0,2408104.0
2022-11-11 05:00:00,3973.0,4009.75,3951.0,4000.25,1927068.0
2022-11-14 05:00:00,3984.0,4017.5,3964.0,3966.0,1592615.0
2022-11-15 05:00:00,3974.75,4050.75,3960.0,3999.5,2230543.0
2022-11-16 05:00:00,3992.0,4015.75,3962.0,3968.5,1502501.0
2022-11-17 05:00:00,3977.25,3990.25,3912.5,3955.25,1560808.0
2022-11-18 05:00:00,3960.5,3994.0,3942.5,3974.0,1534155.0
2022-11-21 05:00:00,3972.5,3982.0,3937.5,3958.0,1178421.0
2022-11-22 05:00:00,3957.75,4012.5,3945.25,4010.25,1161999.0
2022-11-23 05:00:00,4010.0,4039.5,4002.0,4033.0,1281153.0
2022-11-25 14:30:00,4038.75,4049.25,4024.75,4032.5,608795.0
2022-11-28 05:00:00,4020.25,4024.0,3960.25,3970.25,1481503.0
2022-11-29 05:00:00,3972.0,3990.25,3941.25,3962.0,1500171.0
2022-11-30 05:00:00,3962.25,4093.5,3942.75,4081.25,2479997.0
2022-12-01 05:00:00,4094.5,4110.0,4054.5,4081.75,1834073.0
2022-12-02 05:00:00,4077.5,4085.5,4006.75,4075.5,1849784.0
2022-12-05 05:00:00,4074.0,4075.75,3987.25,4003.25,1497688.0
2022-12-06 05:00:00,4005.75,4014.75,3921.5,3945.0,1869101.0
2022-12-07 05:00:00,3944.5,3961.5,3914.0,3936.75,1756473.0
2022-12-08 05:00:00,3935.75,3977.25,3916.0,3965.75,1708915.0
2022-12-09 05:00:00,3964.75,3990.0,3930.0,3936.25,1739761.0
2022-12-12 05:00:00,3933.0,3992.75,3924.5,3991.75,1619977.0
2022-12-13 05:00:00,3989.25,4145.0,3985.0,4022.25,1419560.0
2022-12-14 05:00:00,4021.75,4073.0,3965.25,3998.0,712439.0
2022-12-15 05:00:00,4004.25,4010.25,3878.5,3897.0,560669.0
2022-12-16 05:00:00,3890.5,3904.25,3842.0,3871.469970703125,1965701.0
2022-12-19 05:00:00,3874.0,3899.0,3827.25,3845.5,1405774.0
2022-12-20 05:00:00,3842.75,3866.5,3803.5,3849.25,1541868.0
2022-12-21 05:00:00,3857.25,3918.75,3855.5,3905.75,1522069.0
2022-12-22 05:00:00,3915.0,3919.75,3788.5,3849.25,1842326.0
2022-12-23 05:00:00,3850.0,3872.5,3821.25,3869.75,1374913.0
2022-12-27 05:00:00,3878.0,3900.5,3837.25,3855.0,1006414.0
2022-12-28 05:00:00,3858.0,3875.0,3804.5,3807.5,1282810.0
2022-12-29 05:00:00,3811.0,3882.75,3806.25,3871.75,1146984.0
2022-12-30 05:00:00,3869.75,3871.0,3821.5,3861.0,1401810.0
2023-01-03 05:00:00,3895.0,3906.75,3814.5,3846.0,1782473.0
2023-01-04 05:00:00,3842.75,3896.25,3836.5,3874.5,1912155.0
2023-01-05 05:00:00,3871.0,3885.5,3822.5,3829.0,1679973.0
2023-01-06 05:00:00,3833.0,3928.75,3819.0,3915.5,2026154.0
2023-01-09 05:00:00,3918.5,3973.25,3909.75,3913.75,1697887.0
2023-01-10 05:00:00,3914.5,3943.75,3891.5,3940.75,1520955.0
2023-01-11 05:00:00,3941.0,3992.5,3934.5,3990.0,1398769.0
2023-01-12 05:00:00,3991.75,4021.5,3954.0,4003.5,2102587.0
2023-01-13 05:00:00,4003.0,4024.25,3961.75,4018.25,1456784.0
2023-01-17 05:00:00,4020.0,4035.25,3996.75,4009.5,1423931.0
2023-01-18 05:00:00,4008.5,4033.5,3943.75,3945.75,1902551.0
2023-01-19 05:00:00,3945.25,3948.75,3901.75,3915.5,1896890.0
2023-01-20 05:00:00,3925.0,3990.5,3911.75,3988.5,1620355.0
2023-01-23 05:00:00,3987.0,4056.75,3980.25,4036.5,1594736.0
2023-01-24 05:00:00,4036.5,4047.5,4005.25,4032.75,1472856.0
2023-01-25 05:00:00,4039.0,4040.5,3963.25,4032.0,1760515.0
2023-01-26 05:00:00,4031.0,4077.0,4027.25,4075.5,1613804.0
2023-01-27 05:00:00,4065.0,4109.25,4057.25,4084.25,1587936.0
2023-01-30 05:00:00,4077.0,4086.0,4029.5,4032.5,1786112.0
2023-01-31 05:00:00,4039.25,4091.25,4007.5,4090.0,1790751.0
2023-02-01 05:00:00,4085.75,4163.25,4048.5,4132.25,2000400.0
2023-02-02 05:00:00,4145.5,4208.5,4136.75,4191.5,2290729.0
2023-02-03 05:00:00,4176.0,4194.0,4132.5,4147.75,2354996.0
2023-02-06 05:00:00,4134.25,4143.0,4104.0,4123.5,1560324.0
2023-02-07 05:00:00,4123.5,4188.25,4098.25,4175.75,2180936.0
2023-02-08 05:00:00,4167.25,4179.25,4121.25,4130.5,1804101.0
2023-02-09 05:00:00,4132.25,4170.25,4078.25,4091.75,1828571.0
2023-02-10 05:00:00,4098.0,4104.25,4060.75,4099.75,1744956.0
2023-02-13 05:00:00,4105.0,4150.75,4078.75,4147.25,1376325.0
2023-02-14 05:00:00,4149.75,4186.5,4103.75,4145.5,2379034.0
2023-02-15 05:00:00,4141.25,4161.75,4113.0,4158.25,1611550.0
2023-02-16 05:00:00,4159.0,4168.5,4095.0,4099.75,2042993.0
2023-02-17 05:00:00,4095.5,4096.0,4055.75,4087.5,2008448.0
2023-02-21 05:00:00,4083.0,4089.25,4002.0,4005.75,1883040.0
2023-02-22 05:00:00,4007.5,4025.0,3983.75,3999.0,1925300.0
2023-02-23 05:00:00,4010.0,4034.25,3974.25,4018.75,1955820.0
2023-02-24 05:00:00,4015.25,4023.25,3947.5,3975.75,2063242.0
2023-02-27 05:00:00,3976.5,4024.75,3973.0,3988.0,1621961.0
2023-02-28 05:00:00,3991.5,4003.75,3965.0,3975.5,1847930.0
2023-03-01 05:00:00,3968.5,3991.0,3943.0,3956.5,2042321.0
2023-03-02 05:00:00,3959.75,3995.25,3925.0,3984.75,1836555.0
2023-03-03 05:00:00,3983.0,4053.0,3974.0,4049.75,1665102.0
2023-03-06 05:00:00,4049.25,4082.5,4041.75,4052.5,1528845.0
2023-03-07 05:00:00,4053.75,4064.5,3982.5,3989.75,2141615.0
2023-03-08 05:00:00,3990.0,4003.25,3971.5,3995.0,1831712.0
2023-03-09 05:00:00,3997.0,4019.75,3909.5,3920.0,2547423.0
2023-03-10 05:00:00,3919.0,3941.75,3846.25,3862.75,3285811.0
2023-03-13 04:00:00,3887.75,3938.75,3808.75,3856.75,2750477.0
2023-03-14 04:00:00,3865.75,3938.0,3855.25,3920.5,1606509.0
2023-03-15 04:00:00,3920.5,3931.0,3834.0,3892.75,833643.0
2023-03-16 04:00:00,3892.75,3966.5,3863.25,3960.5,466914.0
2023-03-17 04:00:00,3962.25,3974.0,3923.0,3957.050048828125,2224268.0
2023-03-20 04:00:00,3963.75,3989.5,3897.25,3983.0,1818807.0
2023-03-21 04:00:00,3986.5,4043.25,3981.75,4035.75,1531670.0
2023-03-22 04:00:00,4038.75,4073.75,3966.25,3970.5,1802929.0
2023-03-23 04:00:00,3972.75,4039.5,3948.5,3978.0,2236954.0
2023-03-24 04:00:00,3988.75,4010.75,3937.0,4001.25,1944981.0
2023-03-27 04:00:00,4008.0,4034.25,3997.5,4007.25,1304572.0
2023-03-28 04:00:00,4013.5,4023.75,3980.75,4001.5,1224495.0
2023-03-29 04:00:00,4006.5,4061.25,4006.0,4057.5,1389352.0
2023-03-30 04:00:00,4058.0,4087.75,4052.5,4080.0,1328529.0
2023-03-31 04:00:00,4081.0,4142.5,4078.0,4137.75,1695840.0
2023-04-03 04:00:00,4127.0,4157.75,4122.75,4153.75,1380286.0
2023-04-04 04:00:00,4152.5,4171.75,4115.25,4129.0,1582414.0
2023-04-05 04:00:00,4134.0,4135.5,4099.0,4117.25,1470176.0
2023-04-06 04:00:00,4113.75,4135.25,4096.5,4132.0,73009.0
2023-04-10 04:00:00,4139.0,4143.0,4098.75,4136.25,1167715.0
2023-04-11 04:00:00,4138.5,4151.75,4128.75,4136.5,1221824.0
2023-04-12 04:00:00,4137.5,4177.75,4113.5,4119.0,1853671.0
2023-04-13 04:00:00,4117.5,4177.0,4110.25,4172.75,1458785.0
2023-04-14 04:00:00,4168.75,4189.0,4138.0,4163.75,1882896.0
2023-04-17 04:00:00,4174.25,4180.5,4148.0,4176.75,1298123.0
2023-04-18 04:00:00,4177.0,4198.25,4164.5,4180.0,1427797.0
2023-04-19 04:00:00,4176.0,4187.5,4150.5,4178.5,1292622.0
2023-04-20 04:00:00,4172.25,4173.5,4137.0,4152.5,1768379.0
2023-04-21 04:00:00,4153.75,4161.0,4135.25,4156.75,1645161.0
2023-04-24 04:00:00,4150.0,4164.25,4133.5,4159.5,1328041.0
2023-04-25 04:00:00,4157.25,4158.5,4091.5,4093.25,1770908.0
2023-04-26 04:00:00,4110.25,4116.25,4068.75,4076.0,1814741.0
2023-04-27 04:00:00,4085.5,4166.5,4080.75,4153.75,1686692.0
2023-04-28 04:00:00,4151.0,4193.75,4131.5,4188.5,1753803.0
2023-05-01 04:00:00,4190.0,4206.25,4178.5,4185.75,1240490.0
2023-05-02 04:00:00,4179.5,4191.5,4105.5,4136.75,2034176.0
2023-05-03 04:00:00,4133.25,4167.0,4095.0,4107.5,1658392.0
2023-05-04 04:00:00,4087.0,4118.0,4062.25,4075.75,1994772.0
2023-05-05 04:00:00,4077.25,4163.25,4076.75,4150.25,1545895.0
2023-05-08 04:00:00,4151.0,4161.0,4137.5,4152.75,1026014.0
2023-05-09 04:00:00,4150.5,4153.0,4131.0,4134.0,1000924.0
2023-05-10 04:00:00,4133.0,4173.25,4112.25,4152.0,1887587.0
2023-05-11 04:00:00,4152.75,4168.5,4121.5,4143.75,1473383.0
2023-05-12 04:00:00,4144.5,4164.5,4111.75,4138.0,1434601.0
2023-05-15 04:00:00,4132.25,4156.25,4123.0,4150.0,1179165.0
2023-05-16 04:00:00,4148.25,4151.5,4120.0,4123.0,1316691.0
2023-05-17 04:00:00,4126.0,4179.0,4122.0,4171.5,1584910.0
2023-05-18 04:00:00,4171.25,4215.75,4161.25,4212.0,1760668.0
2023-05-19 04:00:00,4215.5,4227.25,4191.5,4204.75,1713351.0
2023-05-22 04:00:00,4189.0,4221.75,4186.5,4205.0,1302845.0
2023-05-23 04:00:00,4207.5,4222.75,4153.0,4158.75,1685056.0
2023-05-24 04:00:00,4158.0,4166.25,4114.0,4126.0,1911903.0
2023-05-25 04:00:00,4157.0,4175.5,4131.5,4159.75,1966626.0
2023-05-26 04:00:00,4157.0,4221.25,4146.0,4213.25,1744425.0
2023-05-30 04:00:00,4239.75,4243.25,4200.0,4215.0,1957579.0
2023-05-31 04:00:00,4213.0,4217.75,4174.0,4190.5,2138566.0
2023-06-01 04:00:00,4188.5,4239.75,4178.0,4228.0,1868363.0
2023-06-02 04:00:00,4231.75,4297.75,4229.0,4288.0,1955603.0
2023-06-05 04:00:00,4288.0,4305.75,4273.0,4281.0,1668759.0
2023-06-06 04:00:00,4279.75,4294.75,4268.5,4289.75,1548125.0
2023-06-07 04:00:00,4292.25,4304.75,4269.25,4274.25,1925195.0
2023-06-08 04:00:00,4273.25,4302.5,4262.75,4298.25,1664333.0
2023-06-09 04:00:00,4297.75,4325.5,4284.0,4304.75,2176645.0
2023-06-12 04:00:00,4306.5,4346.5,4305.25,4342.75,1665175.0
2023-06-13 04:00:00,4345.0,4377.75,4335.75,4371.75,1317118.0
2023-06-14 04:00:00,4372.0,4394.75,4339.75,4374.25,758316.0
2023-06-15 04:00:00,4378.75,4441.0,4350.0,4426.5,486414.0
2023-06-16 04:00:00,4424.75,4453.35009765625,4415.25,4453.35009765625,1895105.0
2023-06-20 04:00:00,4458.0,4462.0,4410.5,4434.75,1540416.0
2023-06-21 04:00:00,4430.25,4438.5,4403.5,4409.25,1468258.0
2023-06-22 04:00:00,4410.0,4427.0,4393.0,4423.75,1384002.0
2023-06-23 04:00:00,4425.75,4426.25,4381.5,4389.0,1550992.0
2023-06-26 04:00:00,4390.0,4403.0,4368.5,4370.25,1622416.0
2023-06-27 04:00:00,4375.75,4424.75,4371.5,4418.75,1512256.0
2023-06-28 04:00:00,4414.0,4430.25,4399.25,4417.5,1689461.0
2023-06-29 04:00:00,4423.75,4438.0,4409.75,4435.75,1628750.0
2023-06-30 04:00:00,4435.25,4498.0,4433.0,4488.25,1774940.0
2023-07-03 13:30:00,4485.5,4494.0,4479.5,4492.25,641289.0
2023-07-05 04:00:00,4492.0,4493.75,4466.25,4483.75,1193759.0
2023-07-06 04:00:00,4481.75,4483.5,4419.5,4447.0,1741520.0
2023-07-07 04:00:00,4441.25,4476.0,4431.5,4434.0,1691644.0
2023-07-10 04:00:00,4437.5,4448.25,4411.25,4444.25,1361155.0
2023-07-11 04:00:00,4445.75,4478.5,4439.0,4473.5,1340232.0
2023-07-12 04:00:00,4471.0,4523.75,4470.0,4507.5,1784296.0
2023-07-13 04:00:00,4510.5,4551.5,4509.25,4543.5,1158193.0
2023-07-14 04:00:00,4539.5,4560.5,4531.0,4536.75,1381069.0
2023-07-17 04:00:00,4536.0,4565.75,4528.0,4553.75,1057965.0
2023-07-18 04:00:00,4550.25,4594.5,4544.75,4587.75,1301460.0
2023-07-19 04:00:00,4582.75,4609.25,4582.25,4597.0,1538747.0
2023-07-20 04:00:00,4593.25,4594.25,4557.25,4565.5,1527727.0
2023-07-21 04:00:00,4566.25,4590.0,4561.75,4564.75,1432643.0
2023-07-24 04:00:00,4564.25,4592.5,4560.0,4583.5,1203661.0
2023-07-25 04:00:00,4584.5,4608.75,4579.25,4596.0,1219737.0
2023-07-26 04:00:00,4604.75,4610.75,4573.75,4595.25,1372426.0
2023-07-27 04:00:00,4594.75,4634.5,4553.75,4564.25,1924565.0
2023-07-28 04:00:00,4566.0,4616.5,4558.0,4606.5,1573973.0
2023-07-31 04:00:00,4608.75,4619.25,4595.25,4614.5,1299434.0
2023-08-01 04:00:00,4617.75,4621.75,4591.0,4601.25,1212261.0
2023-08-02 04:00:00,4580.0,4593.5,4527.75,4537.25,1917865.0
2023-08-03 04:00:00,4534.25,4547.5,4505.75,4521.75,1764076.0
2023-08-04 04:00:00,4523.5,4560.75,4493.75,4498.0,2044936.0
2023-08-07 04:00:00,4500.5,4541.75,4500.5,4537.75,1397301.0
2023-08-08 04:00:00,4539.5,4541.0,4482.0,4518.5,1696546.0
2023-08-09 04:00:00,4516.5,4536.25,4478.25,4485.75,1640285.0
2023-08-10 04:00:00,4493.25,4544.75,4473.5,4485.75,2227022.0
2023-08-11 04:00:00,4487.75,4496.25,4459.0,4480.75,1511048.0
2023-08-14 04:00:00,4485.0,4507.75,4465.0,4506.0,1277132.0
2023-08-15 04:00:00,4505.75,4517.75,4447.0,4454.0,1492516.0
2023-08-16 04:00:00,4453.25,4467.25,4417.0,4420.0,1499218.0
2023-08-17 04:00:00,4420.5,4436.75,4377.75,4384.5,1630481.0
2023-08-18 04:00:00,4379.25,4396.0,4350.0,4382.75,1746289.0
2023-08-21 04:00:00,4382.5,4421.0,4372.25,4412.5,1361470.0
2023-08-22 04:00:00,4410.25,4440.0,4394.25,4399.25,1375651.0
2023-08-23 04:00:00,4400.0,4476.25,4399.5,4447.0,1306640.0
2023-08-24 04:00:00,4470.5,4485.5,4378.5,4386.0,1783795.0
2023-08-25 04:00:00,4384.5,4429.0,4365.25,4414.25,1853335.0
2023-08-28 04:00:00,4418.0,4449.5,4414.5,4442.25,1266414.0
2023-08-29 04:00:00,4444.0,4509.5,4433.5,4506.75,1444714.0
2023-08-30 04:00:00,4508.75,4530.75,4496.25,4524.25,1397669.0
2023-08-31 04:00:00,4527.0,4541.25,4512.75,4516.0,1395751.0
2023-09-01 04:00:00,4516.75,4547.75,4507.25,4521.5,1416762.0
2023-09-05 04:00:00,4521.25,4531.25,4499.25,4502.5,1391805.0
2023-09-06 04:00:00,4500.0,4503.75,4447.0,4471.5,1600128.0
2023-09-07 04:00:00,4469.5,4471.75,4434.25,4456.25,1602226.0
2023-09-08 04:00:00,4458.25,4477.5,4443.0,4461.75,1686158.0
2023-09-11 04:00:00,4463.5,4493.5,4459.25,4490.25,1714266.0
2023-09-12 04:00:00,4487.75,4491.0,4458.75,4465.0,1153961.0
2023-09-13 04:00:00,4464.5,4481.0,4446.75,4468.75,690872.0
2023-09-14 04:00:00,4471.75,4513.0,4470.25,4506.0,454906.0
2023-09-15 04:00:00,4508.0,4517.75,4480.0,4491.72021484375,1825966.0
2023-09-18 04:00:00,4499.5,4514.5,4487.0,4501.5,1155158.0
2023-09-19 04:00:00,4503.25,4509.5,4462.25,4490.0,1422950.0
2023-09-20 04:00:00,4491.25,4508.0,4443.25,4447.0,1482206.0
2023-09-21 04:00:00,4445.0,4447.0,4366.5,4372.0,1998638.0
2023-09-22 04:00:00,4370.25,4399.0,4357.25,4361.0,1736576.0
2023-09-25 04:00:00,4365.0,4383.5,4338.25,4378.75,1561595.0
2023-09-26 04:00:00,4382.0,4382.0,4305.5,4314.75,1758048.0
2023-09-27 04:00:00,4320.25,4336.5,4277.0,4313.5,1965913.0
2023-09-28 04:00:00,4323.25,4355.75,4301.0,4337.5,2012088.0
2023-09-29 04:00:00,4342.0,4371.25,4311.0,4325.5,2106053.0
2023-10-02 04:00:00,4349.0,4355.5,4295.5,4324.25,1950463.0
2023-10-03 04:00:00,4326.0,4335.75,4251.25,4264.75,2256808.0
2023-10-04 04:00:00,4262.75,4304.0,4235.5,4297.75,2168271.0
2023-10-05 04:00:00,4291.5,4302.0,4258.0,4290.75,1673477.0
2023-10-06 04:00:00,4287.5,4358.5,4242.25,4341.5,2216456.0
2023-10-09 04:00:00,4315.0,4375.75,4299.5,4368.75,1485254.0
2023-10-10 04:00:00,4368.75,4419.0,4366.25,4391.5,1610271.0
2023-10-11 04:00:00,4392.0,4419.75,4377.25,4409.75,1489644.0
2023-10-12 04:00:00,4417.75,4430.5,4355.5,4380.5,1881573.0
2023-10-13 04:00:00,4380.75,4407.75,4340.75,4357.25,2159101.0
2023-10-16 04:00:00,4356.75,4414.25,4354.5,4401.0,1668948.0
2023-10-17 04:00:00,4406.25,4423.25,4365.75,4401.75,1879736.0
2023-10-18 04:00:00,4398.0,4399.25,4330.75,4342.25,2271572.0
2023-10-19 04:00:00,4346.5,4366.5,4292.75,4303.0,2741942.0
2023-10-20 04:00:00,4295.0,4304.25,4243.5,4248.5,2328806.0
2023-10-23 04:00:00,4256.25,4280.75,4213.25,4241.75,1963670.0
2023-10-24 04:00:00,4250.25,4290.5,4242.0,4271.25,1807092.0
2023-10-25 04:00:00,4269.5,4273.5,4203.75,4209.75,1981633.0
2023-10-26 04:00:00,4202.0,4205.0,4146.25,4156.5,2419407.0
2023-10-27 04:00:00,4167.0,4185.0,4122.25,4137.75,2195767.0
2023-10-30 04:00:00,4148.0,4197.5,4143.5,4185.75,1904610.0
2023-10-31 04:00:00,4184.25,4215.0,4166.75,4212.25,1836212.0
2023-11-01 04:00:00,4205.0,4264.75,4191.25,4256.0,2027080.0
2023-11-02 04:00:00,4258.5,4339.75,4257.75,4335.75,1819596.0
2023-11-03 04:00:00,4327.5,4391.75,4325.5,4376.0,1803552.0
2023-11-06 05:00:00,4379.25,4389.5,4364.25,4384.25,1348878.0
2023-11-07 05:00:00,4380.0,4403.25,4366.0,4396.0,1371257.0
2023-11-08 05:00:00,4397.5,4407.75,4375.0,4399.5,1390288.0
2023-11-09 05:00:00,4393.25,4413.0,4357.75,4362.25,1972630.0
2023-11-10 05:00:00,4364.5,4435.5,4354.25,4430.5,1752002.0
2023-11-13 05:00:00,4425.75,4436.75,4407.25,4425.25,1276182.0
2023-11-14 05:00:00,4427.25,4524.25,4420.25,4511.0,1901847.0
2023-11-15 05:00:00,4515.5,4541.25,4510.75,4519.25,1573452.0
2023-11-16 05:00:00,4514.25,4529.5,4501.75,4523.25,1491734.0
2023-11-17 05:00:00,4527.75,4539.5,4512.75,4527.5,1331912.0
2023-11-20 05:00:00,4526.75,4571.0,4520.0,4562.25,1220790.0
2023-11-21 05:00:00,4561.75,4567.0,4536.75,4551.25,1101669.0
2023-11-22 05:00:00,4547.75,4580.5,4543.0,4567.25,1403636.0
2023-11-23 05:00:00,4564.0,4572.75,4562.0,4569.5,1403636.0
2023-11-24 14:30:00,4564.0,4574.0,4562.0,4568.25,572702.0
2023-11-27 05:00:00,4568.5,4570.0,4552.0,4561.0,1124213.0
2023-11-28 05:00:00,4561.5,4577.25,4547.0,4563.0,1441119.0
2023-11-29 05:00:00,4564.0,4597.0,4555.5,4559.25,1592398.0
2023-11-30 05:00:00,4562.25,4579.5,4544.75,4576.75,2056268.0
2023-12-01 05:00:00,4571.75,4607.75,4562.5,4600.75,1914151.0
2023-12-04 05:00:00,4603.25,4604.5,4553.5,4576.5,1818991.0
2023-12-05 05:00:00,4573.0,4585.5,4555.5,4575.0,1890825.0
2023-12-06 05:00:00,4573.25,4598.5,4552.0,4556.0,1837961.0
2023-12-07 05:00:00,4556.0,4596.0,4548.75,4589.5,1832361.0
2023-12-08 05:00:00,4586.5,4613.75,4561.75,4607.5,2289425.0
2023-12-11 05:00:00,4607.75,4627.25,4599.5,4626.0,1663229.0
2023-12-12 05:00:00,4625.0,4649.75,4610.5,4645.75,1052077.0
2023-12-13 05:00:00,4649.0,4711.75,4645.0,4708.25,739684.0
2023-12-14 05:00:00,4708.0,4739.25,4694.25,4721.75,560819.0
2023-12-15 05:00:00,4716.0,4736.5,4694.27001953125,4694.27001953125,1801823.0
2023-12-18 05:00:00,4770.5,4802.25,4769.5,4793.0,1139029.0
2023-12-19 05:00:00,4790.5,4821.5,4787.75,4820.25,1122973.0
2023-12-20 05:00:00,4818.5,4830.75,4743.25,4749.75,1749145.0
2023-12-21 05:00:00,4751.0,4798.25,4751.0,4796.75,1687065.0
2023-12-22 05:00:00,4795.75,4821.75,4784.75,4805.25,1326697.0
2023-12-26 05:00:00,4800.25,4834.5,4800.25,4825.0,688201.0
2023-12-27 05:00:00,4827.75,4836.5,4816.5,4833.5,1042284.0
2023-12-28 05:00:00,4834.5,4841.5,4828.0,4832.25,927035.0
2023-12-29 05:00:00,4834.75,4841.0,4796.75,4820.0,1281733.0
2024-01-02 05:00:00,4818.0,4828.0,4765.5,4787.25,1678142.0
2024-01-03 05:00:00,4790.75,4790.75,4741.0,4746.5,1707174.0
2024-01-04 05:00:00,4750.0,4766.5,4727.0,4729.5,1395366.0
2024-01-05 05:00:00,4732.75,4760.25,4702.0,4734.75,1767245.0
2024-01-08 05:00:00,4735.75,4803.25,4715.25,4801.25,1417728.0
2024-01-09 05:00:00,4797.75,4804.0,4767.5,4792.75,1369103.0
2024-01-10 05:00:00,4790.75,4828.5,4786.0,4820.25,1377780.0
2024-01-11 05:00:00,4820.5,4838.0,4772.75,4815.5,1795564.0
2024-01-12 05:00:00,4811.25,4836.5,4791.5,4816.5,1519899.0
2024-01-16 05:00:00,4812.0,4823.0,4779.5,4798.5,1905532.0
2024-01-17 05:00:00,4799.75,4800.75,4746.25,4771.25,1663328.0
2024-01-18 05:00:00,4768.0,4817.0,4763.5,4811.25,1746936.0
2024-01-19 05:00:00,4811.25,4874.25,4808.5,4869.5,1876757.0
2024-01-22 05:00:00,4872.5,4898.25,4872.5,4881.0,1356050.0
2024-01-23 05:00:00,4881.75,4902.0,4874.25,4895.0,1130749.0
2024-01-24 05:00:00,4900.25,4933.25,4889.0,4898.0,1586824.0
2024-01-25 05:00:00,4899.5,4926.5,4893.25,4923.25,1532026.0
2024-01-26 05:00:00,4919.25,4934.25,4898.5,4916.25,1363612.0
2024-01-29 05:00:00,4908.75,4956.0,4901.75,4954.5,1197989.0
2024-01-30 05:00:00,4950.25,4957.25,4933.0,4951.0,1157425.0
2024-01-31 05:00:00,4930.25,4938.0,4866.0,4870.5,2285993.0
2024-02-01 05:00:00,4874.5,4963.75,4872.5,4928.5,1835510.0
2024-02-02 05:00:00,4952.75,4997.75,4925.75,4980.25,1957796.0
2024-02-05 05:00:00,4976.0,4980.75,4937.75,4962.0,1504676.0
2024-02-06 05:00:00,4959.5,4978.25,4954.5,4974.75,1267419.0
2024-02-07 05:00:00,4971.5,5020.0,4970.0,5015.25,1336172.0
2024-02-08 05:00:00,5015.75,5020.0,5003.75,5017.75,997431.0
2024-02-09 05:00:00,5014.5,5048.5,5013.0,5044.0,1212336.0
2024-02-12 05:00:00,5042.5,5066.5,5031.5,5041.25,1141487.0
2024-02-13 05:00:00,5034.0,5040.0,4936.5,4971.25,2112726.0
2024-02-14 05:00:00,4974.25,5022.5,4968.75,5018.0,1632071.0
2024-02-15 05:00:00,5017.5,5051.75,5011.0,5046.5,1361757.0
2024-02-16 05:00:00,5049.5,5059.25,5012.75,5019.75,1527729.0
2024-02-20 05:00:00,5016.5,5029.5,4968.25,4991.5,1609827.0
2024-02-21 05:00:00,4990.0,5020.5,4959.0,4996.25,1485687.0
2024-02-22 05:00:00,5016.0,5107.75,5015.25,5097.75,1738869.0
2024-02-23 05:00:00,5094.25,5123.5,5092.0,5101.5,1340050.0
2024-02-26 05:00:00,5095.0,5108.0,5076.25,5080.25,1094682.0
2024-02-27 05:00:00,5077.5,5093.0,5067.0,5090.0,1026819.0
2024-02-28 05:00:00,5090.75,5091.25,5063.25,5081.0,1201011.0
2024-02-29 05:00:00,5072.0,5114.5,5060.0,5103.75,1790702.0
2024-03-01 05:00:00,5101.5,5149.25,5089.25,5146.0,1597331.0
2024-03-04 05:00:00,5142.0,5157.75,5132.0,5138.25,1208040.0
2024-03-05 05:00:00,5133.75,5135.5,5063.0,5085.75,1885769.0
2024-03-06 05:00:00,5091.0,5134.5,5083.75,5111.75,1996223.0
2024-03-07 05:00:00,5114.25,5170.5,5086.5,5161.75,1791666.0
2024-03-08 05:00:00,5159.25,5193.0,5121.75,5129.0,2786680.0
2024-03-11 04:00:00,5132.5,5133.25,5094.75,5123.0,1840000.0
2024-03-12 04:00:00,5129.0,5183.0,5112.75,5177.25,1211911.0
2024-03-13 04:00:00,5176.0,5183.75,5153.0,5168.0,540170.0
2024-03-14 04:00:00,5171.5,5189.5,5124.25,5153.75,476074.0
2024-03-15 04:00:00,5152.25,5167.0,5101.669921875,5101.669921875,1927775.0
2024-03-18 04:00:00,5185.75,5240.25,5181.75,5214.75,1377276.0
2024-03-19 04:00:00,5215.25,5244.75,5186.0,5241.75,1440289.0
2024-03-20 04:00:00,5239.75,5297.75,5233.0,5286.75,1404974.0
2024-03-21 04:00:00,5294.75,5322.75,5293.5,5302.5,1326994.0
2024-03-22 04:00:00,5306.75,5311.75,5287.75,5293.25,1162606.0
2024-03-25 04:00:00,5290.5,5295.0,5272.5,5278.25,920608.0
2024-03-26 04:00:00,5280.75,5300.5,5263.0,5265.25,1092706.0
2024-03-27 04:00:00,5273.25,5313.75,5270.75,5308.25,1487671.0
2024-03-28 04:00:00,5308.0,5321.0,5301.0,5308.5,1317836.0
2024-04-01 04:00:00,5314.25,5333.5,5282.25,5295.25,1125234.0
2024-04-02 04:00:00,5294.5,5296.0,5235.0,5260.5,1426691.0
2024-04-03 04:00:00,5262.5,5280.75,5244.5,5266.5,1402981.0
2024-04-04 04:00:00,5270.75,5308.5,5192.5,5197.25,1941274.0
2024-04-05 04:00:00,5199.75,5272.5,5191.5,5253.0,1908306.0
2024-04-08 04:00:00,5263.25,5269.25,5236.5,5253.25,1167648.0
2024-04-09 04:00:00,5258.0,5274.25,5208.25,5260.25,1651973.0
2024-04-10 04:00:00,5264.25,5285.0,5176.5,5207.75,2369864.0
2024-04-11 04:00:00,5202.0,5257.5,5173.5,5243.25,1762470.0
2024-04-12 04:00:00,5244.0,5248.75,5150.0,5167.5,2005106.0
2024-04-15 04:00:00,5166.5,5213.25,5094.0,5104.0,2226105.0
2024-04-16 04:00:00,5101.25,5123.25,5078.75,5092.5,2098015.0
2024-04-17 04:00:00,5096.25,5120.5,5047.0,5062.25,1928645.0
2024-04-18 04:00:00,5063.0,5095.25,5038.5,5049.0,1701401.0
2024-04-19 04:00:00,5047.25,5058.0,4963.5,5003.75,2357143.0
2024-04-22 04:00:00,5014.25,5076.75,5006.0,5047.5,1584393.0
2024-04-23 04:00:00,5051.0,5113.5,5037.75,5106.5,1357493.0
2024-04-24 04:00:00,5115.25,5128.75,5072.25,5107.5,1512469.0
2024-04-25 04:00:00,5070.0,5132.75,5022.25,5082.25,1887635.0
2024-04-26 04:00:00,5132.0,5146.5,5104.5,5131.5,1455855.0
2024-04-29 04:00:00,5140.25,5154.25,5118.75,5147.0,1163440.0
2024-04-30 04:00:00,5148.5,5148.5,5051.0,5067.0,1675335.0
2024-05-01 04:00:00,5050.0,5126.75,5037.75,5046.5,1955160.0
2024-05-02 04:00:00,5057.0,5113.0,5036.25,5091.5,1573131.0
2024-05-03 04:00:00,5110.25,5166.75,5099.25,5154.75,1604172.0
2024-05-06 04:00:00,5166.75,5207.75,5155.75,5206.5,1019307.0
2024-05-07 04:00:00,5204.75,5226.75,5202.25,5213.75,1106457.0
2024-05-08 04:00:00,5211.75,5218.0,5188.75,5212.75,1013418.0
2024-05-09 04:00:00,5209.25,5244.75,5195.0,5239.0,1094931.0
2024-05-10 04:00:00,5240.75,5264.0,5232.75,5246.25,1112925.0
2024-05-13 04:00:00,5240.5,5264.0,5233.25,5245.5,922763.0
2024-05-14 04:00:00,5241.75,5274.25,5216.75,5269.5,1252615.0
2024-05-15 04:00:00,5268.5,5337.25,5266.25,5333.0,1391029.0
2024-05-16 04:00:00,5331.5,5349.0,5315.5,5320.25,1207843.0
2024-05-17 04:00:00,5318.25,5328.75,5305.75,5327.25,1052765.0
2024-05-20 04:00:00,5329.25,5348.25,5323.75,5331.75,1031456.0
2024-05-21 04:00:00,5331.75,5347.5,5322.5,5345.25,1011849.0
2024-05-22 04:00:00,5343.5,5349.25,5306.75,5328.0,1257477.0
2024-05-23 04:00:00,5339.0,5368.25,5273.5,5285.25,2012153.0
2024-05-24 04:00:00,5285.75,5329.25,5285.75,5321.5,1264244.0
2024-05-28 04:00:00,5321.75,5339.0,5296.75,5324.75,1387872.0
2024-05-29 04:00:00,5323.75,5324.0,5268.25,5284.0,1445855.0
2024-05-30 04:00:00,5270.5,5277.0,5238.25,5253.0,1495148.0
2024-05-31 04:00:00,5250.5,5307.0,5205.5,5295.5,2452894.0
2024-06-03 04:00:00,5299.5,5313.25,5246.75,5297.25,1785532.0
2024-06-04 04:00:00,5300.25,5312.25,5262.0,5304.0,1679093.0
2024-06-05 04:00:00,5305.0,5368.25,5302.5,5366.0,1450596.0
2024-06-06 04:00:00,5367.75,5373.25,5345.25,5364.0,1228240.0
2024-06-07 04:00:00,5362.0,5385.5,5329.0,5355.75,1591439.0
2024-06-10 04:00:00,5351.5,5375.75,5338.25,5371.25,1185881.0
2024-06-11 04:00:00,5369.75,5386.25,5334.5,5384.0,1413433.0
2024-06-12 04:00:00,5384.5,5454.5,5380.0,5427.5,1899786.0
2024-06-13 04:00:00,5436.25,5452.75,5408.5,5438.5,1682858.0
2024-06-14 04:00:00,5436.0,5443.0,5397.75,5437.5,1789793.0
2024-06-17 04:00:00,5435.5,5494.0,5424.75,5478.5,1589643.0
2024-06-18 04:00:00,5480.25,5494.0,5473.5,5491.0,820053.0
2024-06-20 04:00:00,5492.75,5518.5,5458.5,5476.75,571332.0
2024-06-21 04:00:00,5477.0,5483.75,5460.5,5471.89013671875,1392213.0
2024-06-24 04:00:00,5538.5,5558.5,5510.25,5517.0,1410359.0
2024-06-25 04:00:00,5516.0,5539.75,5511.0,5537.0,1141183.0
2024-06-26 04:00:00,5535.0,5551.75,5516.25,5543.5,1197372.0
2024-06-27 04:00:00,5533.0,5555.0,5515.75,5546.0,1257121.0
2024-06-28 04:00:00,5548.25,5585.0,5510.75,5521.5,1855777.0
2024-07-01 04:00:00,5534.25,5541.0,5504.5,5533.75,1432355.0
2024-07-02 04:00:00,5533.5,5569.75,5502.75,5568.75,1315097.0
2024-07-03 13:30:00,5563.75,5595.75,5559.75,5590.25,808966.0
2024-07-05 04:00:00,5591.0,5626.0,5585.0,5621.5,1233173.0
2024-07-08 04:00:00,5612.0,5637.5,5610.75,5625.25,981186.0
2024-07-09 04:00:00,5627.75,5645.75,5626.25,5631.25,1063568.0
2024-07-10 04:00:00,5631.75,5690.5,5630.75,5688.0,1200224.0
2024-07-11 04:00:00,5684.25,5707.75,5630.0,5639.75,1970766.0
2024-07-12 04:00:00,5638.5,5708.25,5621.25,5664.75,1684437.0
2024-07-15 04:00:00,5681.0,5718.75,5665.5,5683.0,1701349.0
2024-07-16 04:00:00,5688.75,5721.25,5673.0,5717.25,1485113.0
2024-07-17 04:00:00,5715.0,5717.75,5631.75,5639.0,2059862.0
2024-07-18 04:00:00,5644.0,5664.0,5570.25,5594.5,2528379.0
2024-07-19 04:00:00,5602.5,5607.5,5542.0,5553.75,2106581.0
2024-07-22 04:00:00,5564.5,5616.0,5553.5,5610.75,1671918.0
2024-07-23 04:00:00,5607.75,5629.75,5587.75,5599.25,1385653.0
2024-07-24 04:00:00,5585.0,5585.0,5462.0,5472.0,2178690.0
2024-07-25 04:00:00,5482.5,5533.25,5432.5,5441.25,2888086.0
2024-07-26 04:00:00,5446.0,5528.25,5445.25,5499.0,1977698.0
2024-07-29 04:00:00,5496.5,5534.5,5481.0,5503.0,1697647.0
2024-07-30 04:00:00,5504.5,5527.5,5433.0,5472.5,2053956.0
2024-07-31 04:00:00,5454.75,5588.5,5451.5,5558.0,2156505.0
2024-08-01 04:00:00,5574.75,5600.75,5444.75,5480.25,2751690.0
2024-08-02 04:00:00,5464.25,5473.25,5331.75,5376.0,3239738.0
2024-08-05 04:00:00,5330.0,5345.5,5120.0,5217.5,3436090.0
2024-08-06 04:00:00,5250.0,5342.0,5221.75,5266.25,2172067.0
2024-08-07 04:00:00,5241.5,5359.25,5196.75,5227.5,2247229.0
2024-08-08 04:00:00,5208.25,5361.0,5182.0,5348.25,1912347.0
2024-08-09 04:00:00,5348.25,5385.25,5319.5,5370.25,1412017.0
2024-08-12 04:00:00,5364.25,5396.75,5347.75,5369.75,1219995.0
2024-08-13 04:00:00,5372.5,5461.25,5367.5,5459.0,1271171.0
2024-08-14 04:00:00,5457.5,5487.75,5438.75,5477.0,1301826.0
2024-08-15 04:00:00,5481.25,5571.75,5471.75,5567.5,1440377.0
2024-08-16 04:00:00,5568.5,5586.25,5536.5,5578.25,1183498.0
2024-08-19 04:00:00,5584.0,5631.75,5565.25,5630.0,1010612.0
2024-08-20 04:00:00,5629.5,5643.75,5607.75,5619.75,1020393.0
2024-08-21 04:00:00,5619.5,5655.25,5613.5,5641.5,1086814.0
2024-08-22 04:00:00,5642.0,5665.25,5582.75,5594.0,1409474.0
2024-08-23 04:00:00,5597.75,5662.25,5597.75,5652.5,1415472.0
2024-08-26 04:00:00,5650.5,5669.0,5619.75,5637.0,1090361.0
2024-08-27 04:00:00,5630.0,5649.5,5611.5,5644.75,1027658.0
2024-08-28 04:00:00,5643.75,5650.5,5576.0,5610.25,1381099.0
2024-08-29 04:00:00,5580.5,5663.75,5561.25,5610.0,1571688.0
2024-08-30 04:00:00,5618.5,5665.0,5594.25,5661.0,1558874.0
2024-09-03 04:00:00,5656.25,5669.75,5516.75,5541.75,1910577.0
2024-09-04 04:00:00,5538.5,5565.0,5506.75,5530.0,1749591.0
2024-09-05 04:00:00,5527.5,5557.25,5490.0,5512.25,1737210.0
2024-09-06 04:00:00,5513.0,5532.5,5394.0,5419.5,2377532.0
2024-09-09 04:00:00,5410.0,5493.0,5405.25,5479.5,2377532.0
2024-09-10 04:00:00,5488.25,5506.0,5448.25,5504.0,1525620.0
2024-09-11 04:00:00,5499.25,5567.5,5412.0,5561.25,2309139.0
2024-09-12 04:00:00,5558.0,5607.0,5540.25,5602.25,1726434.0
2024-09-13 04:00:00,5598.5,5641.5,5597.25,5629.75,1706322.0
2024-09-16 04:00:00,5622.75,5641.5,5609.25,5638.0,1588010.0
2024-09-17 04:00:00,5633.25,5675.5,5617.0,5639.0,1056184.0
2024-09-18 04:00:00,5639.5,5696.25,5613.75,5620.75,605651.0
2024-09-19 04:00:00,5631.5,5737.5,5631.5,5717.75,461433.0
2024-09-20 04:00:00,5714.75,5717.25,5699.25,5699.990234375,1623655.0
2024-09-23 04:00:00,5762.0,5784.5,5745.25,5776.75,1077941.0
2024-09-24 04:00:00,5774.0,5794.25,5754.75,5792.0,1181221.0
2024-09-25 04:00:00,5792.25,5798.75,5768.0,5779.0,1043665.0
2024-09-26 04:00:00,5783.5,5830.0,5778.25,5804.5,1360026.0
2024-09-27 04:00:00,5804.25,5821.5,5782.0,5791.25,1280272.0
2024-09-30 04:00:00,5784.0,5820.25,5756.25,5814.25,1502729.0
2024-10-01 04:00:00,5807.0,5822.5,5733.0,5759.75,1947177.0
2024-10-02 04:00:00,5760.25,5773.25,5724.0,5760.25,1250353.0
2024-10-03 04:00:00,5769.5,5772.75,5725.75,5749.5,1421429.0
2024-10-04 04:00:00,5745.75,5804.75,5741.0,5800.0,1460645.0
2024-10-07 04:00:00,5802.0,5808.0,5734.25,5744.75,1211368.0
2024-10-08 04:00:00,5752.5,5806.75,5725.25,5800.5,1172261.0
2024-10-09 04:00:00,5799.25,5846.5,5780.75,5841.25,1113875.0
2024-10-10 04:00:00,5836.0,5844.0,5811.5,5829.0,1116046.0
2024-10-11 04:00:00,5831.0,5868.25,5816.0,5859.75,1028816.0
2024-10-14 04:00:00,5854.5,5918.5,5850.0,5908.25,919072.0
2024-10-15 04:00:00,5914.25,5915.5,5850.0,5862.75,1365310.0
2024-10-16 04:00:00,5861.0,5892.75,5853.25,5887.0,935721.0
2024-10-17 04:00:00,5882.75,5927.25,5871.25,5887.0,1236083.0
2024-10-18 04:00:00,5888.25,5915.5,5876.25,5906.0,952612.0
2024-10-21 04:00:00,5911.5,5915.5,5865.0,5896.25,1063780.0
2024-10-22 04:00:00,5900.75,5904.25,5861.25,5892.5,1033296.0
2024-10-23 04:00:00,5887.25,5893.75,5801.0,5837.75,1468269.0
2024-10-24 04:00:00,5844.0,5870.0,5822.5,5849.0,1159448.0
2024-10-25 04:00:00,5853.25,5900.75,5835.0,5846.0,1368245.0
2024-10-28 04:00:00,5857.0,5884.5,5857.0,5861.5,1017440.0
2024-10-29 04:00:00,5867.0,5883.75,5837.5,5871.0,1195753.0
2024-10-30 04:00:00,5883.0,5893.0,5840.25,5852.0,1347170.0
2024-10-31 04:00:00,5840.0,5844.0,5733.25,5738.5,1973513.0
2024-11-01 04:00:00,5742.0,5803.75,5732.5,5758.25,1592031.0
2024-11-04 05:00:00,5741.75,5776.5,5724.25,5743.25,1333685.0
2024-11-05 05:00:00,5752.25,5823.25,5735.0,5812.25,1198797.0
2024-11-06 05:00:00,5820.25,5967.0,5814.75,5958.25,2023257.0
2024-11-07 05:00:00,5963.5,6013.0,5951.0,6003.75,1285585.0
2024-11-08 05:00:00,6007.75,6040.5,5990.25,6025.25,1184512.0
2024-11-11 05:00:00,6030.0,6053.25,6013.5,6031.75,1069929.0
2024-11-12 05:00:00,6029.25,6036.5,5986.75,6013.0,1407120.0
2024-11-13 05:00:00,6012.25,6035.25,5991.75,6016.0,1445258.0
2024-11-14 05:00:00,6017.75,6025.25,5964.25,5978.25,1538927.0
2024-11-15 05:00:00,5972.0,5974.25,5876.75,5896.5,2008339.0
2024-11-18 05:00:00,5899.75,5933.0,5886.5,5920.0,1332326.0
2024-11-19 05:00:00,5919.0,5947.5,5855.0,5938.75,1636346.0
2024-11-20 05:00:00,5937.75,5957.75,5880.0,5937.75,1597257.0
2024-11-21 05:00:00,5937.25,5985.0,5905.25,5970.5,1867101.0
2024-11-22 05:00:00,5967.0,5993.5,5940.75,5987.0,1550734.0
2024-11-25 05:00:00,6006.0,6040.0,5982.5,6006.5,1619917.0
2024-11-26 05:00:00,6013.25,6044.0,5976.25,6038.25,1336843.0
2024-11-27 05:00:00,6041.75,6047.0,6000.25,6015.0,1157171.0
2024-11-29 14:30:00,6015.0,6060.0,6014.75,6051.5,847984.0
2024-12-02 05:00:00,6051.5,6068.5,6036.0,6061.75,989033.0
2024-12-03 05:00:00,6064.0,6070.75,6047.5,6063.25,991961.0
2024-12-04 05:00:00,6067.0,6102.25,6063.0,6098.5,1142137.0
2024-12-05 05:00:00,6095.25,6107.25,6081.5,6088.75,1118784.0
2024-12-06 05:00:00,6085.5,6111.0,6076.0,6099.0,1167677.0
2024-12-09 05:00:00,6096.25,6105.75,6060.0,6065.75,1351194.0
2024-12-10 05:00:00,6065.25,6075.25,6039.75,6046.25,1350731.0
2024-12-11 05:00:00,6052.75,6102.5,6045.5,6092.75,1271795.0
2024-12-12 05:00:00,6087.5,6088.25,6055.5,6060.75,1565731.0
2024-12-13 05:00:00,6065.0,6085.25,6041.25,6055.5,1996354.0
2024-12-16 05:00:00,6055.5,6090.5,6051.5,6080.5,1612199.0
2024-12-17 05:00:00,6077.0,6079.25,6040.75,6053.75,1113325.0
2024-12-18 05:00:00,6053.5,6074.5,5840.0,5872.25,847452.0
2024-12-19 05:00:00,5881.75,5938.0,5865.5,5868.75,532081.0
2024-12-20 05:00:00,5879.5,5879.5,5800.75,5840.259765625,2340873.0
2024-12-23 05:00:00,6001.75,6043.0,5965.0,6036.0,1406019.0
2024-12-24 14:30:00,6037.75,6099.5,6030.0,6098.0,634201.0
2024-12-26 05:00:00,6099.25,6107.5,6063.25,6095.25,911486.0
2024-12-27 05:00:00,6092.0,6095.25,5982.75,6027.0,1641100.0
2024-12-30 05:00:00,6028.75,6036.25,5918.25,5958.75,1575134.0
2024-12-31 05:00:00,5955.0,5983.25,5917.25,5935.75,1382187.0
2025-01-02 05:00:00,5949.25,5995.25,5874.75,5916.5,1826031.0
2025-01-03 05:00:00,5921.0,5996.75,5911.25,5989.5,1206570.0
2025-01-06 05:00:00,5994.5,6068.25,5980.75,6020.5,1547298.0
2025-01-07 05:00:00,6028.0,6045.5,5935.0,5954.25,1771767.0
2025-01-08 05:00:00,5955.5,5975.0,5917.0,5959.25,1764315.0
2025-01-09 05:00:00,5955.0,5957.0,5929.25,5944.75,113831.0
2025-01-10 05:00:00,5943.75,5959.25,5845.25,5866.25,2130067.0
2025-01-13 05:00:00,5864.5,5883.25,5809.0,5874.5,1755341.0
2025-01-14 05:00:00,5887.25,5918.5,5842.5,5882.25,1839961.0
2025-01-15 05:00:00,5891.5,6001.25,5879.5,5989.0,1657670.0
2025-01-16 05:00:00,5988.5,6017.5,5961.75,5975.5,1566439.0
2025-01-17 05:00:00,5970.25,6051.5,5968.0,6033.5,1417304.0
2025-01-21 05:00:00,6032.25,6093.25,5994.5,6084.25,1725952.0
2025-01-22 05:00:00,6094.0,6135.75,6087.0,6120.5,1249850.0
2025-01-23 05:00:00,6120.0,6154.0,6101.5,6152.0,1136009.0
2025-01-24 05:00:00,6148.0,6162.25,6122.0,6133.25,1254280.0
2025-01-27 05:00:00,6102.25,6105.25,5948.0,6046.75,2385614.0
2025-01-28 05:00:00,6059.5,6105.5,6023.5,6097.0,1585216.0
2025-01-29 05:00:00,6090.75,6111.5,6042.25,6067.5,1552941.0
2025-01-30 05:00:00,6068.5,6116.25,6056.5,6099.25,1606753.0
2025-01-31 05:00:00,6106.0,6147.75,6057.75,6067.25,1866467.0
2025-02-03 05:00:00,5982.25,6062.0,5935.5,6022.25,2314824.0
2025-02-04 05:00:00,6069.0,6069.0,5987.0,6063.0,1333376.0
2025-02-05 05:00:00,6042.75,6092.0,6020.25,6086.5,1216433.0
2025-02-06 05:00:00,6090.25,6108.5,6070.0,6106.0,1179112.0
2025-02-07 05:00:00,6089.75,6123.25,6041.25,6049.5,1683475.0
2025-02-10 05:00:00,6016.0,6096.0,6014.0,6088.75,1005560.0
2025-02-11 05:00:00,6085.5,6098.75,6057.75,6092.25,1017366.0
2025-02-12 05:00:00,6090.75,6098.0,6020.75,6072.75,1558395.0
2025-02-13 05:00:00,6079.75,6138.0,6053.5,6135.25,1523953.0
2025-02-14 05:00:00,6131.75,6146.75,6121.25,6132.0,1018370.0
2025-02-18 05:00:00,6138.25,6157.75,6118.25,6146.75,1200599.0
2025-02-19 05:00:00,6143.75,6166.5,6129.25,6163.0,1078997.0
2025-02-20 05:00:00,6153.75,6159.5,6102.75,6136.5,1405343.0
2025-02-21 05:00:00,6132.5,6142.5,6024.5,6029.0,1940563.0
2025-02-24 05:00:00,6040.75,6067.5,5994.5,6000.75,1797847.0
2025-02-25 05:00:00,6006.5,6016.0,5924.0,5970.0,2215332.0
2025-02-26 05:00:00,5982.0,6023.75,5945.5,5970.75,1901306.0
2025-02-27 05:00:00,5980.0,6014.5,5873.0,5876.25,2579895.0
2025-02-28 05:00:00,5883.0,5971.0,5848.0,5963.25,2784347.0
2025-03-03 05:00:00,5967.5,6000.5,5821.75,5860.75,2610882.0
2025-03-04 05:00:00,5874.0,5884.0,5744.0,5789.5,3353551.0
2025-03-05 05:00:00,5832.0,5869.5,5750.75,5851.25,2284032.0
2025-03-06 05:00:00,5844.75,5853.5,5720.0,5746.25,2553819.0
2025-03-07 05:00:00,5766.0,5791.0,5673.0,5776.0,2315005.0
2025-03-10 04:00:00,5753.0,5757.75,5571.5,5620.75,2590102.0
2025-03-11 04:00:00,5622.0,5651.75,5534.0,5577.0,2623963.0
2025-03-12 04:00:00,5580.0,5675.0,5550.25,5604.75,2004740.0
2025-03-13 04:00:00,5596.5,5623.0,5509.25,5527.5,2163776.0
2025-03-14 04:00:00,5540.0,5648.75,5538.75,5640.0,2191954.0
2025-03-17 04:00:00,5626.75,5707.5,5599.0,5680.25,2086734.0
2025-03-18 04:00:00,5680.0,5686.25,5600.0,5618.0,1111733.0
2025-03-19 04:00:00,5618.5,5718.5,5606.25,5678.5,704394.0
2025-03-20 04:00:00,5680.0,5714.25,5631.5,5662.5,412785.0
2025-03-21 04:00:00,5664.0,5674.25,5597.5,5617.7998046875,1629871.0
2025-03-24 04:00:00,5740.0,5825.5,5739.0,5815.5,1404629.0
2025-03-25 04:00:00,5813.0,5837.25,5802.25,5826.5,1078548.0
2025-03-26 04:00:00,5831.0,5836.5,5743.0,5759.5,1483959.0
2025-03-27 04:00:00,5737.25,5779.75,5720.0,5739.25,1575855.0
2025-03-28 04:00:00,5741.75,5747.75,5602.25,5623.0,1910914.0
2025-03-31 04:00:00,5590.0,5672.75,5533.75,5653.25,2229839.0
2025-04-01 04:00:00,5644.25,5694.75,5600.25,5674.5,1871505.0
2025-04-02 04:00:00,5672.0,5773.25,5566.25,5712.25,2060456.0
2025-04-03 04:00:00,5550.5,5564.75,5415.25,5432.75,2470412.0
2025-04-04 04:00:00,5423.0,5435.0,5074.0,5110.25,3678162.0
2025-04-07 04:00:00,5007.0,5286.5,4832.0,5097.25,3673583.0
2025-04-08 04:00:00,5126.5,5305.25,4940.5,5020.25,2438061.0
2025-04-09 04:00:00,5006.25,5520.0,4871.75,5491.0,3096194.0
2025-04-10 04:00:00,5502.5,5528.75,5146.75,5302.0,2524214.0
2025-04-11 04:00:00,5299.25,5418.25,5206.0,5391.25,1759660.0
2025-04-14 04:00:00,5452.5,5497.75,5391.0,5440.75,1303900.0
2025-04-15 04:00:00,5431.75,5485.0,5413.0,5428.25,1158703.0
2025-04-16 04:00:00,5403.75,5425.0,5251.0,5305.75,1559064.0
2025-04-17 04:00:00,5308.0,5371.25,5285.5,5312.75,1381396.0
2025-04-21 04:00:00,5283.75,5306.75,5127.25,5184.75,1191218.0
2025-04-22 04:00:00,5182.5,5339.25,5171.75,5314.75,1572006.0
2025-04-23 04:00:00,5379.75,5499.75,5377.75,5401.75,1846494.0
2025-04-24 04:00:00,5409.0,5541.5,5355.25,5511.25,1411419.0
2025-04-25 04:00:00,5529.0,5562.25,5480.25,5549.75,1339888.0
2025-04-28 04:00:00,5544.0,5578.75,5492.0,5553.0,1198801.0
2025-04-29 04:00:00,5543.0,5597.25,5521.5,5583.75,1227182.0
2025-04-30 04:00:00,5579.5,5626.25,5455.5,5587.0,1833646.0
2025-05-01 04:00:00,5617.5,5682.5,5601.75,5623.25,1388619.0
2025-05-02 04:00:00,5608.5,5724.75,5601.0,5709.0,1383367.0
2025-05-05 04:00:00,5705.0,5706.25,5655.25,5671.75,989373.0
2025-05-06 04:00:00,5666.25,5673.25,5605.0,5625.75,1303877.0
2025-05-07 04:00:00,5608.5,5689.75,5596.0,5652.0,1390561.0
2025-05-08 04:00:00,5643.25,5741.0,5636.5,5684.5,1428613.0
2025-05-09 04:00:00,5688.5,5715.25,5662.5,5678.0,1029418.0
2025-05-12 04:00:00,5761.0,5876.25,5734.25,5865.0,1765593.0
2025-05-13 04:00:00,5868.0,5927.0,5835.75,5904.5,1335457.0
2025-05-14 04:00:00,5902.0,5925.0,5890.0,5908.5,1207202.0
2025-05-15 04:00:00,5904.0,5944.5,5867.0,5933.25,1291986.0
2025-05-16 04:00:00,5935.0,5977.5,5923.0,5975.5,1180875.0
2025-05-19 04:00:00,5930.25,5987.5,5892.75,5982.5,1245859.0
2025-05-20 04:00:00,5980.0,5993.5,5926.75,5959.75,1112908.0
2025-05-21 04:00:00,5953.5,5958.25,5847.75,5861.25,1548946.0
2025-05-22 04:00:00,5858.0,5895.0,5828.75,5856.75,1419522.0
2025-05-23 04:00:00,5869.25,5872.0,5756.5,5817.0,1537693.0
2025-05-27 04:00:00,5820.0,5941.75,5813.0,5934.25,1288369.0
2025-05-28 04:00:00,5940.75,5952.5,5890.0,5902.75,1181330.0
2025-05-29 04:00:00,5923.5,6008.0,5884.0,5922.75,1414864.0
2025-05-30 04:00:00,5912.25,5932.75,5853.25,5916.0,1633334.0
2025-06-02 04:00:00,5898.75,5955.5,5867.5,5947.25,1194125.0
2025-06-03 04:00:00,5949.0,5991.25,5909.25,5981.5,1154297.0
2025-06-04 04:00:00,5980.0,5999.0,5974.0,5981.0,1097088.0
2025-06-05 04:00:00,5974.25,6016.5,5928.75,5946.0,0.0
2025-06-06 04:00:00,5931.75,6025.0,5930.0,6006.75,1278102.0
2025-06-09 04:00:00,6010.0,6027.75,5992.25,6010.25,912371.0
2025-06-10 04:00:00,6012.25,6049.5,5991.25,6045.0,1104373.0
2025-06-11 04:00:00,6038.75,6074.75,6006.25,6029.0,1610313.0
2025-06-12 04:00:00,6022.25,6051.25,5987.75,6049.5,1330953.0
2025-06-13 04:00:00,6045.0,6045.0,5927.5,5979.25,2162167.0
2025-06-16 04:00:00,5949.0,6055.25,5944.0,6035.75,1744867.0
2025-06-17 04:00:00,6038.5,6040.5,5976.75,5985.0,870571.0
2025-06-18 04:00:00,5977.25,6020.75,5964.75,5981.5,0.0
2025-06-20 04:00:00,5984.0,6019.25,5918.25,6010.2099609375,1694443.0
2025-06-23 04:00:00,5964.0,6081.5,5959.0,6077.0,1358034.0
2025-06-24 04:00:00,6078.0,6155.25,6075.25,6146.25,1077333.0
2025-06-25 04:00:00,6144.75,6160.25,6130.75,6147.0,902500.0
2025-06-26 04:00:00,6144.75,6200.0,6141.25,6195.0,1039428.0
2025-06-27 04:00:00,6197.5,6239.0,6183.25,6223.75,1353399.0
2025-06-30 04:00:00,6223.25,6265.5,6223.25,6253.75,1364101.0
2025-07-01 04:00:00,6245.75,6261.5,6227.25,6248.75,1320618.0
2025-07-02 04:00:00,6247.75,6279.5,6235.5,6275.0,1044261.0
2025-07-03 13:30:00,6276.5,6333.25,6270.5,6324.25,0.0
2025-07-04 04:00:00,6320.75,6322.75,6276.5,6283.5,0.0
2025-07-07 04:00:00,6307.75,6315.0,6246.25,6276.0,1376613.0
2025-07-08 04:00:00,6262.5,6289.0,6254.5,6272.0,1073914.0
2025-07-09 04:00:00,6272.0,6315.25,6260.0,6307.25,1144723.0
2025-07-10 04:00:00,6306.0,6335.5,6287.5,6324.25,948393.0
2025-07-11 04:00:00,6323.0,6330.25,6276.75,6300.0,1100047.0
2025-07-14 04:00:00,6274.0,6315.0,6259.75,6311.0,909223.0
2025-07-15 04:00:00,6309.5,6343.0,6272.5,6284.0,1279068.0
2025-07-16 04:00:00,6273.75,6308.75,6241.0,6303.25,1462969.0
2025-07-17 04:00:00,6299.25,6345.5,6288.25,6340.5,1052843.0
2025-07-18 04:00:00,6342.5,6357.0,6323.25,6334.75,1050307.0
2025-07-21 04:00:00,6335.75,6374.0,6329.75,6344.75,934271.0
2025-07-22 04:00:00,6347.0,6353.75,6318.75,6346.75,1130356.0
2025-07-23 04:00:00,6346.5,6407.25,6342.75,6396.25,1203541.0
2025-07-24 04:00:00,6404.0,6418.25,6391.5,6401.5,1073595.0
2025-07-25 04:00:00,6406.75,6431.0,6401.0,6425.0,829856.0
2025-07-28 04:00:00,6450.0,6457.75,6408.75,6422.75,972646.0
2025-07-29 04:00:00,6424.25,6442.5,6396.25,6406.0,1122508.0
2025-07-30 04:00:00,6404.0,6435.25,6366.75,6396.25,1302795.0
2025-07-31 04:00:00,6435.5,6468.5,6357.5,6374.25,1857020.0
2025-08-01 04:00:00,6359.5,6373.5,6239.5,6264.5,2287699.0
2025-08-04 04:00:00,6257.0,6370.0,6251.25,6356.0,1304652.0
2025-08-05 04:00:00,6370.0,6377.5,6315.5,6325.25,1402448.0
2025-08-06 04:00:00,6323.0,6379.5,6313.25,6371.0,1233346.0
2025-08-07 04:00:00,6371.0,6426.75,6334.5,6366.5,1458573.0
2025-08-08 04:00:00,6372.5,6425.75,6369.25,6413.5,1196497.0
2025-08-11 04:00:00,6422.75,6431.5,6387.5,6399.75,1073359.0
2025-08-12 04:00:00,6396.0,6470.0,6391.25,6468.5,1271180.0
2025-08-13 04:00:00,6468.0,6502.5,6461.0,6488.75,1111683.0
2025-08-14 04:00:00,6485.0,6496.0,6453.25,6490.5,1186070.0
2025-08-15 04:00:00,6489.25,6508.75,6461.5,6471.5,1122157.0
2025-08-18 04:00:00,6467.0,6484.25,6456.0,6469.25,860451.0
2025-08-19 04:00:00,6468.5,6477.5,6419.25,6432.5,1224317.0
2025-08-20 04:00:00,6433.0,6438.0,6362.75,6413.25,1609469.0
2025-08-21 04:00:00,6414.25,6419.0,6370.25,6388.25,1200689.0
2025-08-22 04:00:00,6392.0,6496.25,6364.0,6483.25,1420723.0
2025-08-25 04:00:00,6493.0,6494.0,6453.0,6455.5,932515.0
2025-08-26 04:00:00,6460.25,6487.5,6430.75,6482.5,1133761.0
2025-08-27 04:00:00,6486.75,6505.5,6459.25,6496.0,957730.0
2025-08-28 04:00:00,6485.0,6523.0,6471.0,6517.5,1170397.0
2025-08-29 04:00:00,6516.0,6518.0,6455.5,6472.75,0.0
2025-09-02 04:00:00,6478.75,6491.5,6371.75,6425.5,1802584.0
2025-09-03 04:00:00,6448.0,6464.25,6425.5,6457.25,1435997.0
2025-09-04 04:00:00,6460.0,6516.75,6454.5,6510.75,1186477.0
2025-09-05 04:00:00,6515.75,6541.75,6452.0,6489.75,1710784.0
2025-09-08 04:00:00,6483.75,6516.5,6480.25,6506.0,1187985.0
2025-09-09 04:00:00,6507.75,6536.25,6489.25,6521.75,1169514.0
2025-09-10 04:00:00,6532.25,6565.25,6522.5,6539.75,1381759.0
2025-09-11 04:00:00,6535.75,6600.0,6535.5,6592.5,1282669.0
2025-09-12 04:00:00,6596.25,6606.0,6576.0,6588.25,1601056.0
2025-09-15 04:00:00,6588.25,6623.5,6585.25,6621.5,1539732.0
2025-09-16 04:00:00,6616.25,6639.0,6604.25,6610.75,837034.0
2025-09-17 04:00:00,6613.0,6629.0,6554.0,6601.25,560841.0
2025-09-18 04:00:00,6606.0,6662.0,6605.75,6635.0,339967.0
2025-09-19 04:00:00,6640.0,6660.75,6622.75,6658.77001953125,1369003.0
2025-09-22 04:00:00,6716.0,6756.75,6695.25,6752.5,1081569.0
2025-09-23 04:00:00,6749.5,6756.5,6701.75,6715.0,1264195.0
2025-09-24 04:00:00,6717.75,6728.75,6678.0,6692.25,1250173.0
2025-09-25 04:00:00,6697.25,6705.25,6624.25,6659.75,1710507.0
2025-09-26 04:00:00,6662.75,6703.75,6653.25,6696.5,1338413.0
2025-09-29 04:00:00,6697.0,6736.0,6696.25,6713.5,1209953.0
2025-09-30 04:00:00,6708.0,6743.5,6693.0,6738.75,1521737.0
2025-10-01 04:00:00,6725.5,6769.5,6680.0,6761.5,1312743.0
2025-10-02 04:00:00,6757.0,6782.25,6741.5,6766.75,1182875.0
2025-10-03 04:00:00,6764.75,6800.0,6754.0,6764.0,1366239.0
2025-10-06 04:00:00,6768.0,6797.75,6766.5,6788.75,1087339.0
2025-10-07 04:00:00,6789.5,6802.75,6747.25,6761.5,1433808.0
2025-10-08 04:00:00,6766.0,6807.75,6758.25,6801.25,1047925.0
2025-10-09 04:00:00,6802.75,6812.25,6760.75,6779.25,1370466.0
2025-10-10 04:00:00,6779.5,6806.5,6540.25,6595.25,2570043.0
2025-10-13 04:00:00,6632.0,6711.5,6632.0,6694.75,2570043.0
2025-10-14 04:00:00,6691.0,6722.5,6593.25,6686.5,2147252.0
2025-10-15 04:00:00,6684.25,6766.75,6651.5,6715.0,2009854.0
2025-10-16 04:00:00,6715.25,6750.5,6632.0,6668.75,2221351.0
2025-10-17 04:00:00,6659.25,6718.0,6571.25,6702.5,2081456.0
2025-10-20 04:00:00,6721.0,6783.0,6694.0,6773.75,1207586.0
2025-10-21 04:00:00,6779.5,6789.75,6759.25,6773.25,1285745.0
2025-10-22 04:00:00,6776.0,6788.75,6690.75,6737.0,1905565.0
2025-10-23 04:00:00,6733.5,6785.75,6717.5,6775.0,1375494.0
2025-10-24 04:00:00,6778.25,6841.25,6776.5,6827.0,1279387.0
2025-10-27 04:00:00,6881.0,6916.25,6865.75,6908.25,1191278.0
2025-10-28 04:00:00,6914.0,6944.75,6901.5,6925.75,1221838.0
2025-10-29 04:00:00,6929.25,6952.0,6882.25,6922.75,1536995.0
2025-10-30 04:00:00,6906.5,6953.75,6851.0,6855.5,1817621.0
2025-10-31 04:00:00,6897.0,6918.5,6843.5,6874.0,1764133.0
2025-11-03 05:00:00,6878.0,6909.5,6849.5,6882.75,0.0
2025-11-04 05:00:00,6884.0,6884.0,6786.25,6801.75,1702971.0
2025-11-05 05:00:00,6801.0,6857.75,6748.5,6825.25,1467734.0
2025-11-06 05:00:00,6828.5,6843.5,6733.5,6747.5,1860279.0
2025-11-07 05:00:00,6763.0,6772.0,6655.5,6753.75,2127595.0
2025-11-10 05:00:00,6788.0,6865.75,6772.0,6856.75,1597305.0
2025-11-11 05:00:00,6857.25,6880.0,6830.5,6871.5,1348763.0
2025-11-12 05:00:00,6874.0,6900.5,6852.0,6875.75,1402032.0
2025-11-13 05:00:00,6873.25,6892.5,6746.0,6760.0,2087220.0
2025-11-14 05:00:00,6762.75,6795.5,6670.5,6755.25,2105234.0
2025-11-17 05:00:00,6764.75,6801.5,6658.5,6692.0,1883810.0
2025-11-18 05:00:00,6696.5,6708.75,6594.0,6639.75,2514985.0
2025-11-19 05:00:00,6630.75,6709.0,6613.25,6661.5,2041130.0
2025-11-20 05:00:00,6697.5,6791.25,6550.5,6557.5,2987357.0
2025-11-21 05:00:00,6560.0,6677.5,6525.0,6620.25,2592859.0
2025-11-24 05:00:00,6654.75,6731.75,6625.0,6721.25,1611105.0
2025-11-25 05:00:00,6726.25,6792.5,6674.5,6781.5,1656062.0
2025-11-26 05:00:00,6781.0,6846.75,6778.25,6828.0,1459184.0
2025-11-28 14:30:00,6830.25,6863.75,6824.25,6859.5,460053.0
2025-12-01 05:00:00,6854.75,6864.5,6802.0,6826.75,1472111.0
2025-12-02 05:00:00,6829.0,6863.5,6812.25,6840.25,1455018.0
2025-12-03 05:00:00,6843.0,6873.25,6817.5,6862.0,1310103.0
2025-12-04 05:00:00,6866.0,6880.75,6836.25,6866.75,1323676.0
2025-12-05 05:00:00,6865.5,6905.0,6856.75,6878.25,1336540.0
2025-12-08 05:00:00,6883.0,6893.75,6835.25,6855.75,1257776.0
2025-12-09 05:00:00,6865.0,6872.75,6844.0,6848.25,1008518.0
2025-12-10 05:00:00,6847.25,6908.0,6830.75,6891.75,1473707.0
2025-12-11 05:00:00,6887.0,6928.75,6817.5,6907.25,1815978.0
2025-12-12 05:00:00,6914.0,6915.5,6805.0,6830.75,2609362.0
2025-12-15 05:00:00,6831.0,6872.5,6806.25,6823.0,1771047.0
2025-12-16 05:00:00,6825.25,6833.75,6762.0,6801.0,1070240.0
2025-12-17 05:00:00,6796.0,6826.75,6723.75,6726.5,590558.0
2025-12-18 05:00:00,6739.25,6818.5,6720.25,6778.25,416394.0
2025-12-19 05:00:00,6772.25,6802.75,6768.0,6796.5400390625,1403081.0
2025-12-22 05:00:00,6906.25,6936.25,6900.5,6930.25,989308.0
2025-12-23 05:00:00,6930.75,6963.75,6913.25,6961.0,874601.0
2025-12-24 14:30:00,6959.5,6988.0,6952.5,6982.5,457055.0
2025-12-26 05:00:00,6979.5,6994.0,6969.0,6979.25,636544.0
2025-12-29 05:00:00,6980.5,6984.75,6936.0,6955.0,882739.0
2025-12-30 05:00:00,6956.5,6961.5,6940.75,6944.25,773655.0
2025-12-31 05:00:00,6945.5,6951.5,6890.25,6892.5,990179.0
2026-01-02 05:00:00,6902.0,6939.75,6866.75,6900.5,1571467.0
2026-01-05 05:00:00,6911.5,6963.5,6899.5,6943.75,1262018.0
2026-01-06 05:00:00,6945.5,6991.5,6931.0,6987.75,1192527.0
2026-01-07 05:00:00,6988.5,7006.75,6958.0,6963.25,1264816.0
2026-01-08 05:00:00,6967.5,6977.75,6935.25,6962.0,1303097.0
2026-01-09 05:00:00,6973.25,7017.5,6954.25,7005.0,1342341.0
2026-01-12 05:00:00,7007.0,7025.25,6950.0,7016.5,1063552.0
2026-01-13 05:00:00,7014.0,7036.25,6976.75,7001.75,1376658.0
2026-01-14 05:00:00,6998.5,7002.5,6923.25,6966.25,1768305.0
2026-01-15 05:00:00,6955.75,7017.25,6949.5,6981.75,1293668.0
2026-01-16 05:00:00,6986.75,7007.0,6960.5,6976.75,1297479.0
2026-01-20 05:00:00,6918.25,6935.0,6822.25,6829.5,2391547.0
2026-01-21 05:00:00,6839.0,6945.25,6814.5,6910.0,2200553.0
2026-01-22 05:00:00,6920.0,6969.0,6911.25,6945.0,1336659.0
2026-01-23 05:00:00,6938.0,6964.0,6924.75,6945.75,1221966.0
2026-01-26 05:00:00,6904.0,6995.5,6879.0,6981.25,1062544.0
2026-01-27 05:00:00,6977.0,7018.5,6972.0,7008.5,980139.0
2026-01-28 05:00:00,7010.25,7043.0,6977.25,7007.25,1187287.0
2026-01-29 05:00:00,7021.5,7029.5,6898.25,6992.75,1947645.0
2026-01-30 05:00:00,6992.75,6995.0,6917.5,6965.75,2046596.0
2026-02-02 05:00:00,6938.5,7017.25,6864.5,7002.5,1491899.0
2026-02-03 05:00:00,7004.25,7027.25,6886.25,6941.75,1942807.0
2026-02-04 05:00:00,6934.0,6965.75,6862.5,6906.25,2145116.0
2026-02-05 05:00:00,6915.5,6935.25,6785.0,6820.75,2107676.0
2026-02-06 05:00:00,6785.5,6965.5,6751.5,6952.75,1796075.0
2026-02-09 05:00:00,6960.25,7000.5,6921.0,6983.25,1198044.0
2026-02-10 05:00:00,6985.0,7006.5,6957.0,6961.5,1187062.0
2026-02-11 05:00:00,6971.5,7011.5,6931.0,6960.5,1498739.0
2026-02-12 05:00:00,6964.5,6992.75,6842.0,6851.0,2078744.0
2026-02-13 05:00:00,6865.5,6897.75,6808.75,6850.5,1803723.0
2026-02-17 05:00:00,6852.5,6885.5,6791.0,6860.5,1837384.0
2026-02-18 05:00:00,6862.75,6925.75,6848.75,6894.25,1346435.0
2026-02-19 05:00:00,6891.75,6912.5,6847.75,6877.0,1286455.0
2026-02-20 05:00:00,6874.25,6931.5,6847.25,6923.25,1816863.0
2026-02-23 05:00:00,6918.0,6930.25,6832.75,6851.5,1462094.0
2026-02-24 05:00:00,6858.25,6912.75,6828.5,6903.75,1335317.0
2026-02-25 05:00:00,6900.25,6983.75,6892.25,6959.75,1062293.0
2026-02-26 05:00:00,6965.0,6970.75,6870.75,6920.0,1548837.0
2026-02-27 05:00:00,6899.0,6915.5,6841.5,6889.0,1638910.0
2026-03-02 05:00:00,6820.0,6911.25,6768.5,6888.25,1844835.0
2026-03-03 05:00:00,6883.5,6886.0,6718.75,6824.75,2259359.0
2026-03-04 05:00:00,6813.25,6894.0,6773.5,6876.0,1546814.0
2026-03-05 05:00:00,6883.25,6900.75,6777.0,6835.25,1948470.0
2026-03-06 05:00:00,6826.0,6854.0,6715.75,6743.75,1940173.0
2026-03-09 04:00:00,6685.5,6818.5,6584.5,6801.0,2265287.0
2026-03-10 04:00:00,6800.75,6852.0,6762.5,6787.25,1893966.0
2026-03-11 04:00:00,6796.75,6822.5,6749.75,6779.5,1603374.0
2026-03-12 04:00:00,6766.0,6769.5,6671.75,6677.5,2042016.0
2026-03-13 04:00:00,6684.25,6737.5,6625.0,6636.0,2407679.0
2026-03-16 04:00:00,6608.5,6734.25,6608.5,6704.75,2025388.0
2026-03-17 04:00:00,6700.0,6757.5,6665.25,6721.75,834934.0
2026-03-18 04:00:00,6722.5,6762.25,6604.0,6626.0,501911.0
2026-03-19 04:00:00,6622.0,6644.5,6561.75,6609.25,450179.0
2026-03-20 04:00:00,6622.75,6635.0,6558.0,6594.6298828125,2011431.0
2026-03-23 04:00:00,6510.0,6748.0,6483.5,6634.75,2176195.0
2026-03-24 04:00:00,6635.0,6680.5,6573.5,6606.0,1924003.0
2026-03-25 04:00:00,6646.5,6684.75,6616.5,6640.75,1709266.0
2026-03-26 04:00:00,6641.5,6647.0,6517.0,6525.0,1689160.0
2026-03-27 04:00:00,6536.0,6568.5,6389.0,6412.25,1918291.0
2026-03-30 04:00:00,6380.0,6481.75,6359.5,6388.25,1793061.0
2026-03-31 04:00:00,6385.25,6583.25,6353.25,6570.75,2363577.0
2026-04-01 04:00:00,6562.0,6653.75,6561.0,6617.75,1752607.0
2026-04-02 04:00:00,6618.5,6644.5,6503.75,6622.25,1965184.0
2026-04-06 04:00:00,6590.0,6661.0,6567.0,6651.0,1103916.0
2026-04-07 04:00:00,6650.5,6673.5,6572.75,6656.75,1997800.0
2026-04-08 04:00:00,6689.0,6847.25,6652.25,6823.75,2199329.0
2026-04-09 04:00:00,6814.25,6876.0,6792.5,6863.25,1604541.0
2026-04-10 04:00:00,6858.0,6888.0,6846.25,6855.25,1312566.0
2026-04-13 04:00:00,6780.0,6928.25,6767.0,6922.75,1541313.0
2026-04-14 04:00:00,6925.25,7008.0,6920.25,7004.75,1356650.0
2026-04-15 04:00:00,7004.0,7064.5,6991.75,7060.5,1395387.0
2026-04-16 04:00:00,7057.25,7089.0,7046.5,7077.0,1360502.0
2026-04-17 04:00:00,7077.25,7185.75,7075.25,7161.5,1847098.0
2026-04-20 04:00:00,7102.5,7160.5,7085.0,7148.0,1374523.0
2026-04-21 04:00:00,7150.75,7183.0,7085.0,7100.0,1819102.0
2026-04-22 04:00:00,7125.0,7173.0,7121.25,7171.25,1185812.0
2026-04-23 04:00:00,7163.0,7181.5,7079.25,7143.5,1862446.0
2026-04-24 04:00:00,7143.0,7200.5,7135.5,7194.75,1463962.0
2026-04-27 04:00:00,7185.0,7211.25,7171.5,7206.0,1085690.0
2026-04-28 04:00:00,7204.75,7223.25,7146.25,7171.0,1361467.0
2026-04-29 04:00:00,7172.5,7190.75,7131.25,7168.0,1368362.0
2026-04-30 04:00:00,7150.0,7253.5,7133.75,7243.75,1732392.0
2026-05-01 04:00:00,7256.0,7300.75,7240.75,7258.0,1263615.0
2026-05-04 04:00:00,7276.25,7279.75,7199.5,7230.25,1581015.0
2026-05-05 04:00:00,7228.75,7304.25,7223.75,7287.25,1115385.0
2026-05-06 04:00:00,7300.5,7395.75,7293.5,7389.5,1631260.0
2026-05-07 04:00:00,7380.5,7410.5,7345.5,7363.0,1753384.0
2026-05-08 04:00:00,7340.0,7427.75,7336.25,7419.0,1312034.0
2026-05-11 04:00:00,7403.5,7454.75,7390.5,7436.75,1233354.0
2026-05-12 04:00:00,7435.5,7443.75,7363.25,7426.5,1625151.0
2026-05-13 04:00:00,7419.25,7483.75,7399.0,7469.5,1301334.0
2026-05-14 04:00:00,7477.5,7540.0,7471.0,7525.5,1371818.0
2026-05-15 04:00:00,7522.25,7528.25,7409.25,7432.25,1923350.0
2026-05-18 04:00:00,7410.0,7454.25,7373.5,7425.75,1983487.0
2026-05-19 04:00:00,7423.5,7440.75,7354.25,7378.0,1804940.0
2026-05-20 04:00:00,7377.0,7458.0,7356.0,7451.75,1585626.0
2026-05-21 04:00:00,7432.75,7486.75,7407.5,7466.0,1738205.0
2026-05-22 04:00:00,7467.0,7524.0,7466.75,7491.0,1242275.0
2026-05-26 04:00:00,7519.0,7569.75,7517.0,7537.0,1422109.0
2026-05-27 04:00:00,7533.0,7570.75,7515.0,7540.0,1291159.0
2026-05-28 04:00:00,7553.75,7590.75,7505.75,7581.75,1280521.0
2026-05-29 04:00:00,7587.5,7611.5,7572.75,7595.75,1581690.0
2026-06-01 04:00:00,7595.0,7632.25,7576.25,7613.25,1392611.0
2026-06-02 04:00:00,7612.0,7632.0,7576.5,7623.75,1086612.0
2026-06-03 04:00:00,7628.0,7628.5,7541.75,7571.75,1379991.0
2026-06-04 04:00:00,7539.75,7611.5,7524.5,7601.0,1242281.0
2026-06-05 04:00:00,7589.5,7591.0,7359.0,7400.5,2370312.0
2026-06-08 04:00:00,7368.0,7476.75,7355.5,7416.0,1821072.0
2026-06-09 04:00:00,7412.75,7491.0,7247.25,7392.75,2505679.0
2026-06-10 04:00:00,7380.0,7404.75,7256.0,7278.5,1851849.0
2026-06-11 04:00:00,7259.25,7420.0,7232.25,7396.0,2295133.0
2026-06-12 04:00:00,7397.5,7461.75,7366.5,7435.0,1864805.0
2026-06-15 04:00:00,7480.0,7584.5,7480.0,7561.25,1883235.0
2026-06-16 04:00:00,7560.75,7570.5,7509.75,7518.5,904077.0
2026-06-17 04:00:00,7514.5,7544.5,7405.0,7424.5,517609.0
2026-06-18 04:00:00,7440.5,7514.5,7436.25,7508.43017578125,1671842.0
2026-06-22 04:00:00,7543.25,7599.25,7513.0,7541.25,1582505.0
2026-06-23 04:00:00,7541.25,7549.5,7415.25,7437.5,1816290.0
2026-06-24 04:00:00,7449.25,7496.5,7404.25,7428.25,1864716.0
2026-06-25 04:00:00,7476.25,7496.0,7390.5,7423.25,1670252.0
